Transaction Date,Posted Date,Card No.,Description,Category,Debit,Credit
2022-01-08,2022-01-09,9288,USZRWFPQO-IZAZ #0047,Ztlxozlxfne,70.06,
2022-01-06,2022-01-08,9288,IYHPZ UIBK - IFLDHAE,Bhsswr,13.12,
2022-01-04,2022-01-05,9288,JWTEYRI QTTB GACTMVHRF,Ztlxozlxfne,6.08,
2022-01-04,2022-01-06,9288,06 KNUTTW DUNBQDSQ,Bhsswr,10.02,
2022-01-03,2022-01-04,9288,GTBPMAA TCVLNN CBK,Xufnxrnnf,35.7,
2022-01-02,2022-01-03,9288,USZRWFPQO-IZAZ #0047,Ztlxozlxfne,37.24,
2022-01-02,2022-01-03,9288,USZRWFPQO-IZAZ #0047,Ztlxozlxfne,201.86,
2022-01-01,2022-01-04,9288,OV* JENPEWR SGCFYL UUD,Wlbyvdrggfgwn,8.03,
2021-12-31,2022-01-01,9288,JWTEYRI QTTB GACTMVHRF,Ztlxozlxfne,85.53,
2021-12-31,2022-01-02,9288,EVBKRRR 0000447663424,Oecbhvm,506.24,
2021-12-31,2022-01-01,9288,YPKDAVS,Fyxfu/Dkwlm,4.72,
2021-12-31,2022-01-01,9288,RKJXPW PTJRD,Xiakpfbs,18.72,
2021-12-31,2022-01-03,9288,OV* JENPEWR SGCFYL UUD,Wlbyvdrggfgwn,15.42,
2021-12-30,2022-01-01,9288,PGD IDXDG,Bhsswr,554.14,
2021-12-30,2021-12-31,9288,JNADGGSPZ HDHJQVQ JKPTTXZ,Advfs,28.69,
2021-12-30,2021-12-31,9288,YPAY HPB EQMHOHR PFTZARU,Bhsswr,35.31,
2021-12-30,2022-01-01,2563,FETJU.FZE/JMPO,Wlbyvdrggfgwn,3.45,
2021-12-30,2021-12-30,9288,DXYXJVQBILNSQXL,Ztlxozlxfne,42.18,
2021-12-30,2022-01-01,9288,WCEJISL DJNL KVEAAY & VOA,Bhsswr,59.5,
2021-12-30,2021-12-31,9288,TAIPXEMRBVAYF AMP ZROHX,Ztlxozlxfne,71.73,
2021-12-29,2021-12-31,9288,DDV*PUKRUAQ IIMCLJKF G,Wlkxnmy,111.6,
2021-12-29,2021-12-31,9288,VNI CLHNPRHSFE YWJLCSYUPZ,Advfs,96.33,
2021-12-29,2021-12-30,9288,IZCOAHJ #346 YNA EBRDV,Ztlxozlxfne,113.95,
2021-12-29,2021-12-30,9288,DVMVXIMSWWE 0274 JQDCSMSI,Xxmtge Tqbf,51.5,
2021-12-28,2021-12-30,9288,ZATNP YIH Z S,Bhsswr,68.9,
2021-12-28,2021-12-30,9288,JVVSENK #2783,Ztlxozlxfne,3.13,
2021-12-28,2021-12-31,9288,JSBCCY VWAL KFUQKSZO #01,Ztlxozlxfne,11.53,
2021-12-28,2021-12-29,9288,DTFNCWE NTUVHJ OYLYOF,Ztlxozlxfne,9.01,
2021-12-28,2021-12-29,2563,AKXF YJASPKBLPF UFGX,Advfs,230.86,
2021-12-28,2021-12-30,9288,JVVSENK #2783,Ztlxozlxfne,75.42,
2021-12-28,2021-12-29,9288,YPAY HPB EQMHOHR PFTZARU,Bhsswr,8.03,
2021-12-27,2021-12-28,2563,QOPGJ-CGIMXATI BLSOAI,Gko/Mngbsjzgsl,9.48,
2021-12-27,2021-12-28,9288,COSAORQR SFXMMY,Bhsswr,7.57,
2021-12-27,2021-12-29,9288,CHSYMT MEH 0001520416256,Oecbhvm,17.39,
2021-12-27,2021-12-29,9288,QSEFYW.LAJ,Ztlxozlxfne,29.22,
2021-12-26,2021-12-27,9288,GUAFQU.TGY,Ztlxozlxfne,179.98,
2021-12-26,2021-12-28,9288,FETJU.FZE/JMPO,Ztlxozlxfne,47.75,
2021-12-26,2021-12-27,9288,DRFGS #09301,Xxmtge Tqbf,5.85,
2021-12-26,2021-12-27,9288,LWND RACU,Rwcrj Rfeuib,46.33,
2021-12-26,2021-12-28,9288,HHNUX ZRWUB - 1234N,Bhsswr,20.37,
2021-12-25,2021-12-27,2563,ZATNP YIH Z S,Bhsswr,8.26,
2021-12-25,2021-12-26,9288,PBLBMD 00028538,Ztlxozlxfne,152.5,
2021-12-25,2021-12-27,9288,KAGHFQ YEG 0001555604736,Oecbhvm,15.98,
2021-12-25,2021-12-26,9288,SBRQVNS QWUDF JVCTMEWC,Bhsswr,23.74,
2021-12-25,2021-12-27,9288,HOOeggq*MCPyvbn,Zpaqy Ftvifrqn,8.41,
2021-12-25,2021-12-25,9288,INTCXNXNK,Ztlxozlxfne,134.65,
2021-12-24,2021-12-27,9288,ZATNP YIH Z S,Bhsswr,41.86,
2021-12-24,2021-12-28,9288,K&D LATYEHEK RDK.,Bhsswr,29.49,
2021-12-24,2021-12-26,9288,VWCF VI ROO HAX 8243,Bhsswr,15.23,
2021-12-24,2021-12-25,9288,IZCOAHJ #346 YNA EBRDV,Ztlxozlxfne,98.38,
2021-12-24,2021-12-26,9288,INKFVR IBX 0001509482496,Oecbhvm,13.42,
2021-12-24,2021-12-25,9288,RFVNXL DFGJIO,Ztlxozlxfne,8.39,
2021-12-24,2021-12-25,9288,CIBVFRZ INEC QINBNL,Zpaqy Ftvifrqn,30.28,
2021-12-23,2021-12-25,9288,BTDSN IYKGIY GJQBKKEK GTT,Wlbyvdrggfgwn,28.36,
2021-12-23,2021-12-26,9288,WMB #5782,Ztlxozlxfne,49.99,
2021-12-23,2021-12-24,2558,FETJU.FZE/JMPO,Wlbyvdrggfgwn,1.78,
2021-12-22,2021-12-22,2646,LWND RACU,Rwcrj Rfeuib,19.01,
2021-12-22,2021-12-23,2574,LWND RACU,Rwcrj Rfeuib,16.38,
2021-12-21,2021-12-23,9288,OOKXOQL ECROWXZ SPHXINO,Bhsswr,40.6,
2021-12-21,2021-12-22,9288,LHB SYMOH JHHMUKUW,Bhsswr,26.28,
2021-12-20,2021-12-22,9288,PPPJPZF FTZADN KCXCHYE,Wlkxnmy,77.16,
2021-12-20,2021-12-22,9288,MBDOXB JWF 0001559685632,Oecbhvm,13.62,
2021-12-20,2021-12-22,9288,OOKXOQL ECROWXZ SPHXINO,Bhsswr,8.5,
2021-12-20,2021-12-22,9288,MACIXF FOUJITTR IVDD,Advfs,34.86,
2021-12-19,2021-12-21,9288,06 KNUTTW DUNBQDSQ,Bhsswr,13.75,
2021-12-19,2021-12-21,9288,OOKXOQL ECROWXZ SPHXINO,Bhsswr,,1.69
2021-12-19,2021-12-20,9288,BEBWTKTN PW KTSBB,Bhsswr,7.6,
2021-12-19,2021-12-20,2653,ERR NRJ JNCU MPTMKROEFU H,Bhsswr,55.15,
2021-12-19,2021-12-20,9288,IPZDDXJU-XSNXSD.CVR,Ztlxozlxfne,30.95,
2021-12-19,2021-12-19,2569,Vlnpqprrm,Wlbyvdrggfgwn,5.01,
2021-12-18,2021-12-19,9288,VB *EBAD'C MESAUBITPL - M,Ztlxozlxfne,118.75,
2021-12-18,2021-12-18,9288,ABMYOVFA MPEYUF,Bhsswr,6.82,
2021-12-18,2021-12-19,2598,FETJU.FZE/JMPO,Wlbyvdrggfgwn,2.92,
2021-12-18,2021-12-19,9288,ZRY/SMLFQALI #10537,Xxmtge Tqbf,9.54,
2021-12-16,2021-12-17,9288,AZMJ TN 1135640832,Zpaqy Ftvifrqn,92.45,
2021-12-16,2021-12-17,9288,BR *FHGXI - R'PTHXCXAACZ,Ztlxozlxfne,52.94,
2021-12-15,2021-12-16,9288,LWND RACU,Rwcrj Rfeuib,7.44,
2021-12-15,2021-12-18,9288,CROE HBCZ BZDSZ KFPERX,Ztlxozlxfne,27.94,
2021-12-15,2021-12-16,9288,"PBTZLOK, W* DWLBGVFCGM",Advfs,40.05,
2021-12-14,2021-12-15,9288,FETJU.FZE/JMPO,Ztlxozlxfne,2.38,
2021-12-13,2021-12-14,9288,QUWBOK 00033015,Ztlxozlxfne,25.74,
2021-12-13,2021-12-14,9288,JTGT ZL POZ LHD 8575,Bhsswr,19.08,
2021-12-12,2021-12-13,9288,ZHR - RLLYJCIX,Ztlxozlxfne,98.67,
2021-12-12,2021-12-14,9288,SNPURRZ JWELSQ RLTBA H,Bhsswr,12.47,
2021-12-12,2021-12-14,9288,SNPURRZ JWELSQ RLTBA H,Bhsswr,6.33,
2021-12-11,2021-12-12,2623,LWND RACU,Rwcrj Rfeuib,26.14,
2021-12-11,2021-12-12,2574,ERR NRJ JNCU MPTMKROEFU H,Bhsswr,83.84,
2021-12-10,2021-12-11,2574,QOPGJ-CGIMXATI BLSOAI,Gko/Mngbsjzgsl,1.93,
2021-12-10,2021-12-11,9288,LWND RACU,Rwcrj Rfeuib,18.68,
2021-12-10,2021-12-10,2574,FETJU.FZE/JMPO,Wlbyvdrggfgwn,2.42,
2021-12-09,2021-12-09,9288,ABMYOVFA MPEYUF,Bhsswr,5.34,
2021-12-09,2021-12-11,9288,GGQMZG NIPR CQAFW 3012,Ztlxozlxfne,47.6,
2021-12-09,2021-12-09,9288,UUELOA.LNB *,Ztlxozlxfne,41.01,
2021-12-08,2021-12-09,9288,WMB #5782,Ztlxozlxfne,60.05,
2021-12-08,2021-12-09,9288,SDF ZDAEV MLEFTATRUR,Xxmtge Tqbf,27.29,
2021-12-08,2021-12-10,9288,VLYBCQQD QO ZWYREYOMTU FU,Bhsswr,35.62,
2021-12-08,2021-12-09,9288,RUQDYD BBS,Zpaqy Ftvifrqn,116.07,
2021-12-08,2021-12-09,9288,FQN OVJJ EUOFL YCL,Zpaqy Ftvifrqn,29.24,
2021-12-07,2021-12-09,9288,SNPURRZ JWELSQ RLTBA H,Bhsswr,3,
2021-12-07,2021-12-07,2574,NFG* Ghswar Bqzzq,Bhsswr,35.43,
2021-12-07,2021-12-08,9288,VHCXN WDIHLR,Ztlxozlxfne,119.61,
2021-12-07,2021-12-08,9288,SBHLNTQRG DKEAHL,Advfs,35.55,
2021-12-07,2021-12-08,9288,UIDKJNDE 1698,Bhsswr,10.16,
2021-12-06,2021-12-07,9288,WMB #5782,Ztlxozlxfne,26.84,
2021-12-06,2021-12-07,9288,QUWBOK 00033015,Ztlxozlxfne,,6.75
2021-12-06,2021-12-07,2574,LWND RACU,Rwcrj Rfeuib,2.06,
2021-12-06,2021-12-06,2574,LWND RACU,Rwcrj Rfeuib,12.48,
2021-12-06,2021-12-08,9288,RORRGQJO RBYQLTB,Advfs,23.07,
2021-12-06,2021-12-08,9288,KRRXGXOR #289,Bhsswr,14.55,
2021-12-06,2021-12-08,9288,FJSSTA GHAAHK,Wlkxnmy,333.76,
2021-12-05,2021-12-06,2574,LWND RACU,Rwcrj Rfeuib,7.08,
2021-12-05,2021-12-07,9288,VHCXN WDIHLR,Ztlxozlxfne,6.66,
2021-12-05,2021-12-08,9288,KMEINL JNZX ZQAGA 3020,Ztlxozlxfne,60.35,
2021-12-05,2021-12-06,9288,OLJW OMHF,Ztlxozlxfne,470.38,
2021-12-05,2021-12-06,9288,YPKDAVS,Fyxfu/Dkwlm,4.68,
2021-12-05,2021-12-08,2574,ZBEJT DQNRWYMA JTTXW,Bhsswr,30.06,
2021-12-04,2021-12-06,9288,SRRZ Keceh Aclkbk Pcr.,Ztlxozlxfne,33.62,
2021-12-04,2021-12-05,2574,LWND RACU,Rwcrj Rfeuib,1.73,
2021-12-04,2021-12-05,9288,BR *FHGXI - R'PTHXCXAACZ,Ztlxozlxfne,33.1,
2021-12-04,2021-12-05,9288,AK *RFXU LUYRZTAYN OLAXI,Ztlxozlxfne,13.49,
2021-12-04,2021-12-06,9288,IRZEFWRPJ-CLMZ #0027,Ztlxozlxfne,61,
2021-12-04,2021-12-06,9288,BGNOHA VLRA - KEVNF,Bhsswr,121.78,
2021-12-04,2021-12-07,9288,CNDV RYKXIESH -209746304,Ztlxozlxfne,20.37,
2021-12-03,2021-12-03,2574,YWYAJGY TPC AUZNXX XDQP,Rnhvwmq/Uvohez,,5319.2
2021-12-03,2021-12-05,9288,FDNYUWDU MSTXAL UUWFWLL,Advfs,20.96,
2021-12-03,2021-12-04,9288,SRRZ Keceh Aclkbk Pcr.,Ztlxozlxfne,28.16,
2021-12-03,2021-12-03,9288,Iacwbx Othoqle,Xiakpfbs,1.07,
2021-12-03,2021-12-05,9288,FJSSTA GHAAHK,Wlkxnmy,407.02,
2021-12-03,2021-12-05,9288,QGDEE DSMJWGNX,Bhsswr,9.06,
2021-12-03,2021-12-05,9288,ZCFYY QWRHAV,Bhsswr,20.17,
2021-12-03,2021-12-05,2574,LXX RMC THLIQVU 0601612I,Gko/Mngbsjzgsl,3.88,
2021-12-03,2021-12-04,9288,RAJZSLOQR #0020,Ztlxozlxfne,31.33,
2021-12-03,2021-12-04,9288,YPKDAVS,Fyxfu/Dkwlm,4.71,
2021-12-03,2021-12-04,2574,FETJU.FZE/JMPO,Ztlxozlxfne,4.4,
2021-12-03,2021-12-04,9288,LPSGLYF'E FKBGKK WTF,Ztlxozlxfne,6.43,
2021-12-02,2021-12-03,2574,AYEY VYN SUSZQDTWC HFTNY,Advfs,58.1,
2021-12-02,2021-12-03,9288,QYUTAIFO 1094,Bhsswr,13.9,
2021-12-02,2021-12-03,9288,AILXB JAQNPT TPLIX,Zpaqy Ftvifrqn,40.68,
2021-12-02,2021-12-04,9288,FETJU.FZE/JMPO,Ztlxozlxfne,2.35,
2021-12-02,2021-12-02,9288,Rktlan Cdbk,Ztlxozlxfne,33.31,
2021-12-02,2021-12-03,9288,GrlhPUP_UD,Ztlxozlxfne,195.34,
2021-12-02,2021-12-04,9288,TKPZLB LLZ,Zpaqy Ftvifrqn,46.53,
2021-12-01,2021-12-03,9288,EJAFOSEDJ FJGDG 00397,Bhsswr,2.68,
2021-12-01,2021-12-02,9288,U & Y IHLGUAVV ITQ,Bhsswr,27.32,
2021-11-30,2021-12-02,9288,EJAFOSEDJ FJGDG 00397,Bhsswr,2.99,
2021-11-30,2021-12-03,9288,LTMY AIG 12372,Ztlxozlxfne,53.2,
2021-11-29,2021-11-30,9288,XPTJHGS UPKAKOYK,Ztlxozlxfne,19.92,
2021-11-29,2021-11-30,2574,UWSIWH'W OBTNOKBC,Ztlxozlxfne,29.92,
2021-11-29,2021-12-02,9288,YXAGFRRXI JMJCNQ,Wlkxnmy,360.14,
2021-11-28,2021-11-29,2574,UWSIWH'W OBTNOKBC,Ztlxozlxfne,10.76,
2021-11-28,2021-11-29,9288,Nwvm.mhj,Ztlxozlxfne,68.14,
2021-11-27,2021-11-29,9288,RAAYQ JEMBNB WAUWLGWVVWT,Bhsswr,14.66,
2021-11-27,2021-11-29,9288,KXTWI WWPER #M077,Ztlxozlxfne,302.47,
2021-11-27,2021-11-29,9288,REHFN,Ztlxozlxfne,20.25,
2021-11-27,2021-11-28,9288,UWSIWH'W OBTNOKBC,Ztlxozlxfne,42.24,
2021-11-27,2021-11-29,2574,ECNPFIIMJW 10048580,Gko/Mngbsjzgsl,1.34,
2021-11-26,2021-11-27,9288,XX - Cqpxxgs,Ztlxozlxfne,144.49,
2021-11-26,2021-11-28,9288,CLLANNQ #1278,Ztlxozlxfne,24.52,
2021-11-26,2021-11-28,9288,GZBCFLL #1171,Ztlxozlxfne,16.68,
2021-11-26,2021-11-28,9288,IO *PQCMHGXK GKIJGSQE - L,Bhsswr,1.4,
2021-11-26,2021-11-26,9288,Tpdizuqyg Llbhzo Axw.,Ztlxozlxfne,155.91,
2021-11-26,2021-11-28,9288,HOOeggq*MCPyvbn,Zpaqy Ftvifrqn,8.41,
2021-11-26,2021-11-27,9288,SIQ #5790,Ztlxozlxfne,85.73,
2021-11-25,2021-11-26,9288,LPSGLYF'E FKBGKK WTF,Ztlxozlxfne,5.25,
2021-11-25,2021-11-27,2574,IO *PQCMHGXK GKIJGSQE - L,Bhsswr,33.17,
2021-11-25,2021-11-26,9288,INTCXNXNK,Ztlxozlxfne,148.85,
2021-11-25,2021-11-26,9288,FOCDH* 5J TNDKHNYI - T,Advfs,3.91,
2021-11-25,2021-11-26,9288,IRRUM - GXDXRCOA,Ztlxozlxfne,81.81,
2021-11-25,2021-11-25,9288,LSI*USEJBIR OPAFGTQFZ GOE,Xxmtge Tqbf,165.62,
2021-11-24,2021-11-26,9288,WMB #5782,Ztlxozlxfne,12.48,
2021-11-24,2021-11-25,9288,LWND RACU,Rwcrj Rfeuib,23.28,
2021-11-24,2021-11-25,9288,SLVM OA CLNDN YTGD PY,Bhsswr,62.23,
2021-11-24,2021-11-25,9288,IRRUM - GXDXRCOA,Ztlxozlxfne,34.21,
2021-11-24,2021-11-25,9288,GIREMLCRDC EBV LOY,Advfs,40.58,
2021-11-23,2021-11-25,9288,ZWMRCTB RTO VJEURK,Wlbyvdrggfgwn,20.41,
2021-11-23,2021-11-24,2574,QOPGJ-CGIMXATI BLSOAI,Gko/Mngbsjzgsl,4.63,
2021-11-23,2021-11-24,9288,WFIEGMRP # 2010,Ztlxozlxfne,14.36,
2021-11-23,2021-11-24,9288,PV * HHX*FBNEDRCUGQVUB,Ztlxozlxfne,72.67,
2021-11-22,2021-11-23,2574,FETJU.FZE/JMPO,Ztlxozlxfne,1.69,
2021-11-22,2021-11-24,9288,GGQMZG NIPR CQAFW 3012,Ztlxozlxfne,13.36,
2021-11-22,2021-11-24,9288,PFQ FARJ FWLYF #4813,Ztlxozlxfne,2.65,
2021-11-21,2021-11-22,9288,MRXISYSFD QGMXL 67743,Bhsswr,1.01,
2021-11-21,2021-11-22,9288,ERR NRJ JNCU MPTMKROEFU H,Bhsswr,117.55,
2021-11-20,2021-11-21,9288,LCGV QPQ.* YYVH KYR 19,Rwcrj Rfeuib,648.74,
2021-11-19,2021-11-22,9288,VNI CLHNPRHSFE YWJLCSYUPZ,Advfs,59,
2021-11-19,2021-11-19,9288,SLVM OA CLNDN YTGD PY,Bhsswr,,50.07
2021-11-19,2021-11-21,9288,MRXISYSFD QGMXL 67743,Bhsswr,1.99,
2021-11-18,2021-11-21,9288,AXCS WCO HUQUF - REWARFQG,Bhsswr,9.92,
2021-11-18,2021-11-19,2574,QOPGJ-CGIMXATI BLSOAI,Gko/Mngbsjzgsl,48.83,
2021-11-18,2021-11-19,9288,EGTZEIQM 3563,Bhsswr,9.59,
2021-11-18,2021-11-19,9288,ZHR - RLLYJCIX,Ztlxozlxfne,44.44,
2021-11-18,2021-11-19,9288,LWND RACU,Rwcrj Rfeuib,22.72,
2021-11-18,2021-11-19,9288,Rbqaqvfpea Iuqbvffgi,Advfs,26.42,
2021-11-17,2021-11-18,9288,BR *FHGXI - R'PTHXCXAACZ,Ztlxozlxfne,40.66,
2021-11-17,2021-11-18,9288,VB *EBAD'C MESAUBITPL - M,Ztlxozlxfne,16.83,
2021-11-17,2021-11-18,9288,NEVCAN 00003370,Ztlxozlxfne,49.99,
2021-11-16,2021-11-16,9288,ABMYOVFA MPEYUF,Bhsswr,5.4,
2021-11-15,2021-11-16,2574,FETJU.FZE/JMPO,Ztlxozlxfne,2.79,
2021-11-15,2021-11-16,9288,ZHR - RLLYJCIX,Ztlxozlxfne,73.86,
2021-11-15,2021-11-18,9288,YGQ-BFUR KEO EOVHDV,Wlbyvdrggfgwn,14.29,
2021-11-15,2021-11-16,9288,QNE IXWMT UM 12,Bhsswr,11.01,
2021-11-15,2021-11-15,9288,FPNPH.XAP,Ztlxozlxfne,53.63,
2021-11-14,2021-11-16,9288,CDYNDB SD DJLMJHTO NLR,Bhsswr,50.37,
2021-11-14,2021-11-16,9288,ZWMRCTB RTO VJEURK,Wlbyvdrggfgwn,26.33,
2021-11-14,2021-11-14,9288,ABMYOVFA MPEYUF,Bhsswr,5.99,
2021-11-13,2021-11-14,9288,CDBJCSORQ #20725,Bhsswr,9,
2021-11-13,2021-11-14,9288,OK *SLCLRRWEDJXLV D,Bhsswr,43.6,
2021-11-13,2021-11-15,9288,AEFYBM 00022333,Ztlxozlxfne,1.57,
2021-11-12,2021-11-13,9288,NOR JHSYF BZ 145,Bhsswr,27.38,
2021-11-11,2021-11-11,2574,HVKPHMKXO*ARUS RFJV FDMQ,Wlbyvdrggfgwn,4.4,
2021-11-11,2021-11-12,9288,DYAGUI CQPOQ PZSEWI JWLJ,Ztlxozlxfne,26.17,
2021-11-11,2021-11-12,2574,LWND RACU,Rwcrj Rfeuib,9.09,
2021-11-10,2021-11-12,9288,ZHTBTNID,Bhsswr,13.25,
2021-11-10,2021-11-12,9288,WMB #5782,Ztlxozlxfne,30.48,
2021-11-10,2021-11-11,9288,FPNPH.XAP,Ztlxozlxfne,27.61,
2021-11-10,2021-11-11,9288,WMB #5782,Ztlxozlxfne,11.52,
2021-11-10,2021-11-11,9288,PX * TBUYI+VNCT,Ztlxozlxfne,72.6,
2021-11-09,2021-11-11,2574,LWND RACU,Rwcrj Rfeuib,9.91,
2021-11-09,2021-11-09,2574,YWYAJGY TPC AUZNXX XDQP,Rnhvwmq/Uvohez,,3427.57
2021-11-09,2021-11-10,9288,EJX* PHFMFVNH GNAHGAU + F,Bhsswr,53.05,
2021-11-08,2021-11-09,9288,AQIFP QLRW,Bhsswr,4.23,
2021-11-08,2021-11-08,9288,AKBZMI HEXO ALITGPYBI,Bhsswr,54,
2021-11-08,2021-11-10,9288,QMGWPN 1536,Bhsswr,3.29,
2021-11-08,2021-11-08,9288,Iacwbx Othoqle,Xiakpfbs,1.07,
2021-11-08,2021-11-09,9288,WMVJW ZRPI EBYMOQP,Bhsswr,0.94,
2021-11-08,2021-11-09,9288,YPKDAVS,Fyxfu/Dkwlm,4.67,
2021-11-07,2021-11-09,9288,AEFYBM 00022333,Ztlxozlxfne,58.6,
2021-11-07,2021-11-09,9288,QSEFYW.LAJ,Ztlxozlxfne,24.89,
2021-11-07,2021-11-08,9288,ZHR - RLLYJCIX,Ztlxozlxfne,83.84,
2021-11-07,2021-11-08,9288,HVU*DwtoqufFzzhguokhx,Xxmtge Tqbf,12.79,
2021-11-07,2021-11-07,9288,ABMYOVFA MPEYUF,Bhsswr,8.57,
2021-11-07,2021-11-08,9288,WMB #5782,Ztlxozlxfne,15.42,
2021-11-07,2021-11-08,9288,KBDMJCMMQTAJJG-KESFGYWOD,Xiakpfbs,5.66,
2021-11-07,2021-11-07,2574,FETJU.FZE/JMPO,Wlbyvdrggfgwn,2.26,
2021-11-07,2021-11-08,2574,SNPURRZ JWELSQ RLTBA H,Bhsswr,9.42,
2021-11-06,2021-11-07,9288,WFIEGMRP # 2010,Ztlxozlxfne,3.43,
2021-11-06,2021-11-07,9288,RHRFJ YZSRZ,Bhsswr,7.7,
2021-11-06,2021-11-07,9288,RFELRZISC SPYZCREJ,Ztlxozlxfne,66.22,
2021-11-06,2021-11-06,9288,UFOMY VHRQCZMJYEO,Xxmtge Tqbf,38.44,
2021-11-05,2021-11-06,9288,LWND RACU,Rwcrj Rfeuib,22.04,
2021-11-05,2021-11-07,9288,NRV-IJPA PSZ WISUJO SVVAW,Wlbyvdrggfgwn,6.35,
2021-11-05,2021-11-06,9288,PVDNLAA NXBAGJ PCGBV,Wlbyvdrggfgwn,26.9,
2021-11-04,2021-11-06,9288,ZWMRCTB RTO VJEURK,Wlbyvdrggfgwn,133.15,
2021-11-04,2021-11-06,9288,HMFEVLX SYRTWHGO WOUWZNT,Wlbyvdrggfgwn,149.68,
2021-11-04,2021-11-06,9288,URNILCU SIOPEHNG (ZAIKWCL,Ztlxozlxfne,115.06,
2021-11-04,2021-11-05,2574,SNPURRZ JWELSQ RLTBA H,Bhsswr,16.7,
2021-11-04,2021-11-05,9288,RFELRZISC SPYZCREJ,Ztlxozlxfne,21.11,
2021-11-04,2021-11-04,9288,FETJU.FZE/JMPO,Wlbyvdrggfgwn,8.69,
2021-11-03,2021-11-03,9288,IALK VNKH,Advfs,47.34,
2021-11-03,2021-11-04,9288,ZMI.HSTOXSJKMHK* ADRLV,Zpaqy Ftvifrqn,300,
2021-11-03,2021-11-05,9288,ZWMRCTB RTO VJEURK,Wlbyvdrggfgwn,129.79,
2021-11-03,2021-11-05,9288,DYGJDM RIZWUU FSLDTCU VZG,Bhsswr,26.03,
2021-11-02,2021-11-03,9288,WMB #5782,Ztlxozlxfne,56.58,
2021-11-02,2021-11-03,9288,WMB #5782,Ztlxozlxfne,5.05,
2021-10-31,2021-11-01,9288,WMVJW ZRPI EBYMOQP,Bhsswr,0.96,
2021-10-31,2021-11-01,9288,LWND RACU,Rwcrj Rfeuib,20.66,
2021-10-31,2021-11-02,9288,GGQMZG NIPR CQAFW 3012,Ztlxozlxfne,14.8,
2021-10-30,2021-11-01,2574,77 - LSEU & QJYTILY GXW,Gko/Mngbsjzgsl,2.97,
2021-10-30,2021-10-30,9288,Af Wwa,Ztlxozlxfne,123.09,
2021-10-30,2021-10-31,2574,FETJU.FZE/JMPO,Wlbyvdrggfgwn,4.3,
2021-10-30,2021-11-01,9288,DZQPKSGJX YRED #136,Ztlxozlxfne,,60.7
2021-10-30,2021-10-31,9288,ASN QXL IMMH PLEQTPIW - B,Bhsswr,123.54,
2021-10-30,2021-11-01,9288,TOADKVAPD-AXDTGVXC IZP,Ztlxozlxfne,26.6,
2021-10-29,2021-10-30,9288,ZRY/SMLFQALI #10537,Xxmtge Tqbf,1.94,
2021-10-28,2021-10-29,2574,EJX* PHFMFVNH GNAHGAU + F,Bhsswr,24.72,
2021-10-28,2021-10-30,9288,ALHZ IFY 6314,Ztlxozlxfne,49.27,
2021-10-28,2021-10-31,9288,GRZLQ GPROTU EDAFMJIE,Bhsswr,45.99,
2021-10-28,2021-10-29,9288,PJQU-DUQNJLPRZNVPNXBS,Bhsswr,29.03,
2021-10-28,2021-10-30,9288,GOVD KZWJP 0629,Ztlxozlxfne,8.57,
2021-10-27,2021-10-28,9288,QYUTAIFO 1094,Bhsswr,12.76,
2021-10-27,2021-10-28,9288,LWND RACU,Rwcrj Rfeuib,23.65,
2021-10-26,2021-10-27,9288,YPKDAVS,Fyxfu/Dkwlm,5.9,
2021-10-26,2021-10-27,9288,HVU*DwtoqufFzzhguokhx,Xxmtge Tqbf,11.48,
2021-10-26,2021-10-28,9288,HOOeggq*MCPyvbn,Zpaqy Ftvifrqn,8.41,
2021-10-26,2021-10-27,9288,XBFMGA XIFTNGNM #82,Ztlxozlxfne,,40.54
2021-10-26,2021-10-27,9288,SEI.WKWXPR* YLYBSMCUVM,Advfs,59.67,
2021-10-25,2021-10-27,9288,HQMDX-AMOSMXVDJW #0037,Ztlxozlxfne,128.85,
2021-10-25,2021-10-26,9288,VXVTBFVPG#5,Ztlxozlxfne,39.61,
2021-10-25,2021-10-29,9288,NFBBA XNBIMOUX (UY),Ztlxozlxfne,,26.31
2021-10-25,2021-10-27,9288,OAGCTOBFQ #0007,Ztlxozlxfne,,41.33
2021-10-25,2021-10-26,9288,HVF* LOED,Bhsswr,142.69,
2021-10-25,2021-10-26,9288,BR *FHGXI - R'PTHXCXAACZ,Ztlxozlxfne,58.25,
2021-10-25,2021-10-26,9288,AHYVIXSXCDUG*DNF PPUW.,Advfs,50.68,
2021-10-25,2021-10-26,9288,QUWBOK 00033015,Ztlxozlxfne,15.3,
2021-10-25,2021-10-26,9288,QUWBOK 00033015,Ztlxozlxfne,48.94,
2021-10-25,2021-10-26,9288,NZIIF VHIVFV SDGKKOUWLB,Dtbslehtpvgh Panwtrnx,118.92,
2021-10-24,2021-10-26,9288,PWENPQOVY NRNDP 03267,Bhsswr,2.12,
2021-10-24,2021-10-25,9288,GRWNEG SAM'G #159 VHC,Ztlxozlxfne,38.43,
2021-10-24,2021-10-26,9288,YEJXSOMLYQOD HCHMHECYUS,Bhsswr,13.83,
2021-10-24,2021-10-25,9288,OAGCTOBFQ #0007,Ztlxozlxfne,32.73,
2021-10-24,2021-10-25,9288,NFBBA XNBIMOUX (UY),Ztlxozlxfne,68.86,
2021-10-23,2021-10-26,9288,GRZLQ GPROTU EDAFMJIE,Bhsswr,78.54,
2021-10-23,2021-10-24,9288,DZQPKSGJX YRED #136,Ztlxozlxfne,241.74,
2021-10-23,2021-10-23,9288,ABMYOVFA MPEYUF,Bhsswr,10.93,
2021-10-23,2021-10-23,9288,Ekjrk Flpill J.Q. Wcq.,Ztlxozlxfne,61.35,
2021-10-22,2021-10-23,9288,MQFBJ BDQKKJ SYMQIKNW IAT,Wlbyvdrggfgwn,183.43,
2021-10-22,2021-10-24,9288,ZWMRCTB RTO VJEURK,Wlbyvdrggfgwn,2.78,
2021-10-22,2021-10-23,9288,WMB #5782,Ztlxozlxfne,25.93,
2021-10-22,2021-10-23,9288,FETJU.FZE/JMPO,Wlbyvdrggfgwn,2.96,
2021-10-22,2021-10-23,9288,QUWBOK 00033015,Ztlxozlxfne,24.1,
2021-10-22,2021-10-24,9288,JWJNK MCLWTD JHXKUE,Ztlxozlxfne,45.3,
2021-10-22,2021-10-23,9288,HUG.DDIYEH* LPCDK WMGL,Advfs,,72.55
2021-10-22,2021-10-23,9288,OTDKB.CSJ,Zpaqy Ftvifrqn,37.92,
2021-10-22,2021-10-22,9288,HBHZ* YDTIHHS,Rwcrj Rfeuib,27,
2021-10-21,2021-10-22,2574,FETJU.FZE/JMPO,Wlbyvdrggfgwn,2.59,
2021-10-21,2021-10-22,9288,JWJNK MCLWTD JHXKUE,Ztlxozlxfne,19.55,
2021-10-21,2021-10-23,9288,WMVJW ZRPI EBYMOQP,Bhsswr,1.22,
2021-10-21,2021-10-22,9288,DZQPKSGJX YRED #136,Ztlxozlxfne,69.99,
2021-10-21,2021-10-22,9288,WMB #5782,Ztlxozlxfne,4.72,
2021-10-21,2021-10-23,9288,YGQ-BFUR KEO EOVHDV,Wlbyvdrggfgwn,17.31,
2021-10-20,2021-10-21,9288,SRRZ Keceh Aclkbk Pcr.,Ztlxozlxfne,24.7,
2021-10-20,2021-10-21,9288,MZXFHXXT ZKIMHP NTEYZYNZ,Advfs,221.28,
2021-10-19,2021-10-22,9288,RHRFJ YZSRZ,Bhsswr,2.94,
2021-10-19,2021-10-20,9288,ZHR - RLLYJCIX,Ztlxozlxfne,51.15,
2021-10-19,2021-10-20,9288,AMUTXPSSIUKG.EAY,Ztlxozlxfne,461.09,
2021-10-18,2021-10-20,9288,SFV-LJK JBITGGH,Zpaqy Ftvifrqn,21.6,
2021-10-18,2021-10-19,2574,FETJU.FZE/JMPO,Wlbyvdrggfgwn,2.52,
2021-10-18,2021-10-18,9288,xEal S*11-00405-8985.,Ztlxozlxfne,45.97,
2021-10-17,2021-10-18,2574,FETJU.FZE/JMPO,Wlbyvdrggfgwn,1.25,
2021-10-17,2021-10-18,9288,WMVJW ZRPI EBYMOQP,Bhsswr,1.06,
2021-10-17,2021-10-18,9288,HJZXQ QXHKYX,Bhsswr,22.98,
2021-10-17,2021-10-18,2574,Vlnpqprrm,Wlbyvdrggfgwn,4.46,
2021-10-16,2021-10-18,9288,TRCWGHD HRZAYLWW (ZLURJLU,Ztlxozlxfne,4.16,
2021-10-16,2021-10-19,9288,OAGCTOBFQ #0007,Ztlxozlxfne,,77.41
2021-10-16,2021-10-17,9288,MZXFHXXT ZKIMHP NTEYZYNZ,Advfs,73.29,
2021-10-16,2021-10-17,9288,MZXFHXXT ZKIMHP NTEYZYNZ,Advfs,98.15,
2021-10-16,2021-10-17,9288,QYUTAIFO 1094,Bhsswr,12.51,
2021-10-16,2021-10-17,9288,CWHYB*JLXQR GNEV NSCZV,Bhsswr,62.6,
2021-10-15,2021-10-16,9288,OAGCTOBFQ #0007,Ztlxozlxfne,34.95,
2021-10-15,2021-10-16,9288,XBFMGA XIFTNGNM #82,Ztlxozlxfne,79.81,
2021-10-15,2021-10-16,9288,DYAGUI CQPOQ PZSEWI JWLJ,Ztlxozlxfne,19.88,
2021-10-15,2021-10-17,9288,TETJFZ CVMUHN UVHUVNW LIO,Bhsswr,29.71,
2021-10-15,2021-10-16,9288,WMB #5782,Ztlxozlxfne,13.92,
2021-10-15,2021-10-16,9288,WMVJW ZRPI EBYMOQP,Bhsswr,1,
2021-10-15,2021-10-17,9288,HSVI'E ONLIX-KZ OVIQZBR,Bhsswr,19.39,
2021-10-15,2021-10-18,9288,JANDKXWOJ ENRIA 00302,Bhsswr,1.58,
2021-10-14,2021-10-16,9288,AVLTUEB TQOFAFBD (VEILEB),Ztlxozlxfne,92.16,
2021-10-14,2021-10-15,9288,WMVJW ZRPI EBYMOQP,Bhsswr,1.15,
2021-10-14,2021-10-16,9288,NRV-IJPA PSZ WISUJO SVVAW,Wlbyvdrggfgwn,16.42,
2021-10-14,2021-10-15,9288,CBVNO YLFCZSWI XWL,Bhsswr,45.88,
2021-10-14,2021-10-15,9288,WMVJW ZRPI EBYMOQP,Bhsswr,0.99,
2021-10-14,2021-10-15,9288,LWND RACU,Rwcrj Rfeuib,14.96,
2021-10-14,2021-10-15,9288,YEVNYCGSV #0757,Ztlxozlxfne,15.07,
2021-10-14,2021-10-15,9288,QUWBOK 00033015,Ztlxozlxfne,4.88,
2021-10-14,2021-10-15,9288,QUWBOK 00033015,Ztlxozlxfne,105.66,
2021-10-13,2021-10-14,9288,GRWNEG SAM'G #159 VHC,Ztlxozlxfne,31.64,
2021-10-13,2021-10-14,9288,RFVNXL DFGJIO,Ztlxozlxfne,2.77,
2021-10-12,2021-10-13,9288,QUWBOK 00033015,Ztlxozlxfne,,26.41
2021-10-12,2021-10-13,9288,FPNPH.XAP,Ztlxozlxfne,45.48,
2021-10-12,2021-10-13,9288,QX * MYX RMQNE,Ztlxozlxfne,62.46,
2021-10-11,2021-10-11,9288,ABMYOVFA MPEYUF,Bhsswr,7.46,
2021-10-10,2021-10-11,2574,Vlnpqprrm,Wlbyvdrggfgwn,12.66,
2021-10-10,2021-10-12,9288,MQFBJ BDQKKJ SYMQIKNW IAT,Wlbyvdrggfgwn,122.3,
2021-10-10,2021-10-12,9288,VNI CLHNPRHSFE YWJLCSYUPZ,Advfs,105.26,
2021-10-10,2021-10-12,9288,OAGCTOBFQ #0007,Ztlxozlxfne,,86.05
2021-10-10,2021-10-11,9288,NRSMOA LRRIVGIE,Zpaqy Ftvifrqn,62.22,
2021-10-10,2021-10-12,9288,ZWMRCTB RTO VJEURK,Wlbyvdrggfgwn,3.92,
2021-10-10,2021-10-11,9288,ZFZIONIQK NJDB #0110,Ztlxozlxfne,81.99,
2021-10-10,2021-10-12,9288,SUJJIYM WXBG CGGRPFPM,Advfs,44.04,
2021-10-10,2021-10-10,9288,OALCFC* Sbobdt Zqpqcze,Xiakpfbs,1.07,
2021-10-09,2021-10-10,2574,JRNBSK AMT -058016262,Zpaqy Ftvifrqn,24.02,
2021-10-09,2021-10-10,9288,XBFMGA XIFTNGNM #82,Ztlxozlxfne,58.63,
2021-10-08,2021-10-09,9288,QYUTAIFO 1094,Bhsswr,3.08,
2021-10-08,2021-10-10,2574,FETJU.FZE/JMPO,Wlbyvdrggfgwn,2.82,
2021-10-08,2021-10-10,2574,TRCWGHD HRZAYLWW (ZLURJLU,Ztlxozlxfne,6.11,
2021-10-08,2021-10-09,9288,XPTVXPIEB DYKQPC #0804,Ztlxozlxfne,85.48,
2021-10-08,2021-10-09,9288,XPTVXPIEB DYKQPC #0804,Ztlxozlxfne,86.3,
2021-10-07,2021-10-08,9288,XPTVXPIEB DYKQPC #0804,Ztlxozlxfne,35.14,
2021-10-07,2021-10-08,9288,SIQ #5790,Ztlxozlxfne,2.02,
2021-10-06,2021-10-07,9288,QUWBOK 00033015,Ztlxozlxfne,,15.29
2021-10-06,2021-10-07,9288,QYUTAIFO 1094,Bhsswr,5.9,
2021-10-06,2021-10-07,9288,AI *DJPZFYC TZJUCK,Wlbyvdrggfgwn,518.9,
2021-10-06,2021-10-07,9288,WFIEGMRP # 2010,Ztlxozlxfne,18.63,
2021-10-05,2021-10-06,9288,ZHR - RLLYJCIX,Ztlxozlxfne,82.62,
2021-10-05,2021-10-05,2574,YWYAJGY TPC AUZNXX XDQP,Rnhvwmq/Uvohez,,6719.07
2021-10-05,2021-10-06,9288,EG ITVR & WLLG IRKBKWI,Zpaqy Ftvifrqn,6.02,
2021-10-05,2021-10-06,2574,ALWHIWM WDIR 07067,Xxmtge Tqbf,14.44,
2021-10-05,2021-10-06,2574,WMB #5782,Ztlxozlxfne,24.33,
2021-10-05,2021-10-06,9288,AGCMTZBIP NTIZPU,Ztlxozlxfne,24.04,
2021-10-04,2021-10-05,9288,YPKDAVS,Fyxfu/Dkwlm,5.75,
2021-10-04,2021-10-05,9288,ASN QXL IMMH PLEQTPIW - B,Bhsswr,98.96,
2021-10-03,2021-10-05,9288,ZWMRCTB RTO VJEURK,Wlbyvdrggfgwn,12.59,
2021-10-03,2021-10-04,9288,ZMI.HSTOXSJKMHK* ADRLV,Zpaqy Ftvifrqn,246.84,
2021-10-03,2021-10-04,2574,EG ITVR & WLLG IRKBKWI,Zpaqy Ftvifrqn,4.99,
2021-10-03,2021-10-04,9288,IRRUM - GXDXRCOA,Ztlxozlxfne,25.61,
2021-10-03,2021-10-04,9288,NZIIF VHIVFV SDGKKOUWLB,Dtbslehtpvgh Panwtrnx,82.74,
2021-10-02,2021-10-05,9288,ZWMRCTB RTO VJEURK,Wlbyvdrggfgwn,105.2,
2021-10-02,2021-10-03,9288,YPKDAVS,Fyxfu/Dkwlm,4.82,
2021-10-02,2021-10-05,9288,I PABY YDLJU,Bhsswr,53.45,
2021-10-02,2021-10-04,2574,SLQD'W CZYZZ JG QRXHKZBF,Bhsswr,47.67,
2021-10-01,2021-10-02,9288,WFIEGMRP # 2010,Ztlxozlxfne,17.16,
2021-10-01,2021-10-02,9288,XPTVXPIEB DYKQPC #0804,Ztlxozlxfne,21.09,
2021-10-01,2021-10-02,9288,ZWMRCTB RTO VJEURK,Wlbyvdrggfgwn,2.49,
2021-09-30,2021-10-01,9288,SIQ #5790,Ztlxozlxfne,30.16,
2021-09-30,2021-09-30,9288,AKBZMI HEXO ALITGPYBI,Bhsswr,39.03,
2021-09-30,2021-10-02,9288,BWHE O - KHHRJDJY,Ztlxozlxfne,10.31,
2021-09-30,2021-10-01,2574,FETJU.FZE/JMPO,Ztlxozlxfne,4.6,
2021-09-30,2021-10-01,9288,ZWMRCTB RTO VJEURK,Wlbyvdrggfgwn,15.75,
2021-09-29,2021-09-30,9288,Af Wwa,Ztlxozlxfne,91.06,
2021-09-29,2021-10-01,9288,BWHE O - KHHRJDJY,Ztlxozlxfne,2.86,
2021-09-28,2021-09-29,9288,WALWEXBU HFIPJECS,Ztlxozlxfne,29.95,
2021-09-28,2021-09-29,9288,XPTVXPIEB DYKQPC #0804,Ztlxozlxfne,26.99,
2021-09-28,2021-09-30,9288,HOOeggq*MCPyvbn,Zpaqy Ftvifrqn,8.41,
2021-09-28,2021-09-30,9288,QSEFYW.LAJ,Ztlxozlxfne,25.08,
2021-09-28,2021-09-30,2574,ZWMRCTB RTO VJEURK,Wlbyvdrggfgwn,1.94,
2021-09-28,2021-09-29,9288,SP *TGUWDFGZ AVX QIRRRSWD,Bhsswr,27.78,
2021-09-28,2021-09-29,9288,QCU* AECSM XQKQJ WEUVJZ -,Bhsswr,13.59,
2021-09-27,2021-09-28,9288,AGCMTZBIP NTIZPU,Ztlxozlxfne,38.87,
2021-09-27,2021-09-28,9288,ZRY/SMLFQALI #10537,Xxmtge Tqbf,21.3,
2021-09-27,2021-09-28,9288,OTDKB.CSJ,Zpaqy Ftvifrqn,21.81,
2021-09-26,2021-09-27,9288,WMB #5782,Ztlxozlxfne,35.58,
2021-09-26,2021-09-27,2574,FETJU.FZE/JMPO,Wlbyvdrggfgwn,1.75,
2021-09-25,2021-09-27,9288,TIAPVXH #1409,Ztlxozlxfne,1.19,
2021-09-25,2021-09-26,9288,NBVOIXEVST.FXW,Ztlxozlxfne,63.47,
2021-09-23,2021-09-25,9288,ZWMRCTB RTO VJEURK,Wlbyvdrggfgwn,2.67,
2021-09-22,2021-09-23,9288,ZHR - RLLYJCIX,Ztlxozlxfne,82.82,
2021-09-22,2021-09-23,9288,WFIEGMRP # 2010,Ztlxozlxfne,,1.19
2021-09-21,2021-09-22,9288,MZXFHXXT ZKIMHP NTEYZYNZ,Advfs,44.22,
2021-09-20,2021-09-21,9288,WMB #5782,Ztlxozlxfne,50.85,
2021-09-20,2021-09-21,9288,ZWMRCTB RTO VJEURK,Wlbyvdrggfgwn,2.91,
2021-09-20,2021-09-21,2574,DYAGUI CQPOQ PZSEWI JWLJ,Ztlxozlxfne,17.29,
2021-09-20,2021-09-22,9288,GGQMZG NIPR CQAFW 3012,Ztlxozlxfne,13.25,
2021-09-19,2021-09-20,9288,ZHR - RLLYJCIX,Ztlxozlxfne,49.87,
2021-09-18,2021-09-20,9288,VIEB SHZK NU 1340 UOD,Bhsswr,29.69,
2021-09-18,2021-09-19,9288,HJZXQ QXHKYX,Bhsswr,5.96,
2021-09-18,2021-09-19,9288,WFIEGMRP # 2010,Ztlxozlxfne,58.52,
2021-09-18,2021-09-19,9288,FPNPH.XAP,Ztlxozlxfne,,63.51
2021-09-17,2021-09-18,9288,ZHR - RLLYJCIX,Ztlxozlxfne,14.89,
2021-09-17,2021-09-18,9288,QUWBOK 00033015,Ztlxozlxfne,,6.89
2021-09-17,2021-09-18,9288,QUWBOK 00033015,Ztlxozlxfne,38.81,
2021-09-17,2021-09-18,9288,IRRUM - GXDXRCOA,Ztlxozlxfne,34.84,
2021-09-17,2021-09-19,9288,IRRUM - GXDXRCOA,Ztlxozlxfne,18.57,
2021-09-16,2021-09-17,2574,FETJU.FZE/JMPO,Wlbyvdrggfgwn,2.31,
2021-09-16,2021-09-17,9288,WFIEGMRP # 2010,Ztlxozlxfne,19.29,
2021-09-15,2021-09-16,2574,CDW*Taen Xzmrpytj He,Xxmtge Tqbf,,79.31
2021-09-15,2021-09-16,9288,WMB #5782,Ztlxozlxfne,21.71,
2021-09-14,2021-09-16,9288,JLGOXNZOV CFL WGWJ,Gko/Mngbsjzgsl,8.22,
2021-09-14,2021-09-15,9288,RFELRZISC SPYZCREJ,Ztlxozlxfne,57.18,
2021-09-14,2021-09-15,9288,ETEA SWCGWBNYU FV WZ,Zpaqy Ftvifrqn,16.19,
2021-09-13,2021-09-15,9288,WFIEGMRP # 2010,Ztlxozlxfne,52.33,
2021-09-13,2021-09-14,2574,77 - ROB QA3 ODE,Gko/Mngbsjzgsl,6.35,
2021-09-12,2021-09-15,9288,VNI CLHNPRHSFE YWJLCSYUPZ,Advfs,141.99,
2021-09-12,2021-09-13,9288,MN * TPL AOSBW HLRGB,Ztlxozlxfne,35.25,
2021-09-11,2021-09-11,2574,JL * UMAZ WBFMA,Ztlxozlxfne,13.08,
2021-09-11,2021-09-12,9288,OczqypSzpvmQVWyftwk,Ztlxozlxfne,108.29,
2021-09-11,2021-09-13,9288,WMB #5782,Ztlxozlxfne,12.93,
2021-09-11,2021-09-12,9288,ALWHIWM WDIR 07067,Xxmtge Tqbf,4.71,
2021-09-11,2021-09-13,2574,FETJU.FZE/JMPO,Wlbyvdrggfgwn,6.45,
2021-09-11,2021-09-12,9288,IRRUM - GXDXRCOA,Ztlxozlxfne,24.86,
2021-09-11,2021-09-12,9288,BWHE O - KHHRJDJY,Ztlxozlxfne,19.6,
2021-09-10,2021-09-10,2574,Vlnpqprrm,Wlbyvdrggfgwn,5.09,
2021-09-10,2021-09-11,2574,XJBHPJWMUKVMALTGOS1299,Ztlxozlxfne,1.58,
2021-09-10,2021-09-11,9288,77 - ROB QA3 ODE,Gko/Mngbsjzgsl,11.67,
2021-09-10,2021-09-12,9288,EUACOWK QYD NLRVVFAMK QC,Xufnxrnnf,198.47,
2021-09-10,2021-09-11,9288,HUG.DDIYEH* LPCDK WMGL,Advfs,91.35,
2021-09-09,2021-09-11,2574,AVLTUEB TQOFAFBD (VEILEB),Ztlxozlxfne,4.81,
2021-09-09,2021-09-10,9288,WFIEGMRP # 2010,Ztlxozlxfne,9.23,
2021-09-09,2021-09-09,9288,AKBZMI HEXO ALITGPYBI,Bhsswr,47.12,
2021-09-09,2021-09-09,2574,YWYAJGY TPC AUZNXX XDQP,Rnhvwmq/Uvohez,,5242.44
2021-09-09,2021-09-10,9288,QUWBOK 00033015,Ztlxozlxfne,64.43,
2021-09-09,2021-09-09,2574,FETJU.FZE/JMPO,Wlbyvdrggfgwn,2.69,
2021-09-09,2021-09-10,9288,NEVCAN 00003370,Ztlxozlxfne,39.53,
2021-09-08,2021-09-09,9288,PB * LUBLEA & NGGPODG,Ztlxozlxfne,159.05,
2021-09-08,2021-09-09,9288,WFIEGMRP # 2010,Ztlxozlxfne,13.14,
2021-09-08,2021-09-09,9288,ZWMRCTB RTO VJEURK,Wlbyvdrggfgwn,152.64,
2021-09-08,2021-09-09,9288,QC MILTJWCB HMZEE,Bhsswr,33.05,
2021-09-08,2021-09-09,9288,YPKDAVS,Fyxfu/Dkwlm,4.07,
2021-09-08,2021-09-09,9288,UA IUNE MCUU DZ NURNRB,Wlbyvdrggfgwn,16.98,
2021-09-07,2021-09-08,9288,RFELRZISC SPYZCREJ,Ztlxozlxfne,22.38,
2021-09-07,2021-09-08,9288,ZHR - RLLYJCIX,Ztlxozlxfne,140.28,
2021-09-07,2021-09-08,9288,ZHR - RLLYJCIX,Ztlxozlxfne,8.62,
2021-09-07,2021-09-09,9288,SUD - ONVU BSEYT,Ztlxozlxfne,53.95,
2021-09-06,2021-09-08,9288,KNXRYEP FYDQWHD FZ12,Gko/Mngbsjzgsl,8.66,
2021-09-06,2021-09-07,2574,ERFJFJMDM AOVNMRC MVEMSU,Ztlxozlxfne,7.11,
2021-09-06,2021-09-07,9288,HM *GSOCEZD FPVAK VCJKZCX,Bhsswr,28.13,
2021-09-05,2021-09-07,2574,WMB #5782,Ztlxozlxfne,30.11,
2021-09-05,2021-09-06,9288,ALWHIWM WDIR 07067,Xxmtge Tqbf,3.22,
2021-09-05,2021-09-06,9288,SLQD'W CZYZZ JG QRXHKZBF,Bhsswr,38.6,
2021-09-05,2021-09-05,9288,OALCFC* Sbobdt Zqpqcze,Xiakpfbs,1.07,
2021-09-05,2021-09-06,9288,SEI.WKWXPR* YLYBSMCUVM,Advfs,61.45,
2021-09-05,2021-09-06,9288,ZMI.HSTOXSJKMHK* ADRLV,Zpaqy Ftvifrqn,277.8,
2021-09-05,2021-09-07,9288,WMB #5782,Ztlxozlxfne,34.56,
2021-09-05,2021-09-07,9288,NEVCAN 00003370,Ztlxozlxfne,0.84,
2021-09-04,2021-09-06,2574,EG ITVR & WLLG IRKBKWI,Zpaqy Ftvifrqn,37.33,
2021-09-04,2021-09-05,9288,ALWHIWM WDIR 07067,Xxmtge Tqbf,26.52,
2021-09-04,2021-09-05,9288,QUWBOK 00033015,Ztlxozlxfne,11.89,
2021-09-03,2021-09-04,9288,JG *PHGML YLWLHWZ VNNKZS,Bhsswr,4.44,
2021-09-03,2021-09-05,9288,NEVCAN 00003370,Ztlxozlxfne,29.82,
2021-09-03,2021-09-03,9288,AKBZMI HEXO ALITGPYBI,Bhsswr,40.98,
2021-09-03,2021-09-04,9288,WRZKXM XHMJZMZLVZUFO,Ztlxozlxfne,22.49,
2021-09-02,2021-09-03,9288,WFIEGMRP # 2010,Ztlxozlxfne,2.26,
2021-09-02,2021-09-03,9288,NMKFVS & IOZX CQQ,Ztlxozlxfne,72.93,
2021-09-01,2021-09-02,9288,EGTZEIQM 3563,Bhsswr,12.27,
2021-09-01,2021-09-02,9288,TU TTIR #1088,Ztlxozlxfne,18.97,
2021-09-01,2021-09-03,9288,HOOeggq*MCPyvbn,Zpaqy Ftvifrqn,8.41,
2021-09-01,2021-09-03,9288,UHYCQEUKO,Ztlxozlxfne,,28.41
2021-09-01,2021-09-03,9288,AXCS WCO HUQUF - REWARFQG,Bhsswr,5.59,
2021-09-01,2021-09-02,9288,YPKDAVS,Fyxfu/Dkwlm,4.83,
2021-09-01,2021-09-02,2574,IW UTR BGS & KUF 56549,Zpaqy Ftvifrqn,40.22,
2021-09-01,2021-09-02,9288,IRRUM - GXDXRCOA,Ztlxozlxfne,,1.85
2021-08-31,2021-09-02,9288,RVMDUPSAK-YXFX #0014,Ztlxozlxfne,62.89,
2021-08-31,2021-09-02,9288,NXO-VFPX #5823,Ztlxozlxfne,3.32,
2021-08-31,2021-09-02,9288,FPNPH.XAP,Ztlxozlxfne,136.03,
2021-08-30,2021-08-31,2574,ZmiktnNIFM,Fyxfu/Dkwlm,18.77,
2021-08-30,2021-08-31,9288,WFXV IUDL,Bhsswr,44.14,
2021-08-30,2021-08-31,9288,WRZKXM XHMJZMZLVZUFO,Ztlxozlxfne,8.79,
2021-08-30,2021-08-31,9288,IRRUM - GXDXRCOA,Ztlxozlxfne,51.25,
2021-08-30,2021-08-31,9288,WMB #5782,Ztlxozlxfne,17.18,
2021-08-29,2021-08-31,9288,NEVCAN 00003370,Ztlxozlxfne,,7.58
2021-08-29,2021-08-31,9288,ENRLEEFIPA UJKNX VQMD -,Bhsswr,13.05,
2021-08-29,2021-08-30,9288,IRRUM - GXDXRCOA,Ztlxozlxfne,16.24,
2021-08-29,2021-08-30,9288,ERR NRJ JNCU MPTMKROEFU H,Bhsswr,262.11,
2021-08-28,2021-08-30,9288,IAZCGQR IMKRCYR,Bhsswr,6.55,
2021-08-27,2021-08-28,9288,LHB SYMOH JHHMUKUW,Bhsswr,17.26,
2021-08-26,2021-08-27,9288,MVMZ NTYWXFFC KKUWZTPF,Gurjfklim,133.08,
2021-08-25,2021-08-26,2574,FETJU.FZE/JMPO,Wlbyvdrggfgwn,4.54,
2021-08-25,2021-08-27,9288,BEBWTKTN PW KTSBB,Bhsswr,16.07,
2021-08-25,2021-08-27,2574,FETJU.FZE/JMPO,Wlbyvdrggfgwn,2.74,
2021-08-24,2021-08-25,9288,WMB #5782,Ztlxozlxfne,18.72,
2021-08-24,2021-08-25,9288,QUWBOK 00033015,Ztlxozlxfne,21.61,
2021-08-24,2021-08-25,9288,ALWHIWM WDIR 07067,Xxmtge Tqbf,10.43,
2021-08-24,2021-08-25,9288,WMB #5782,Ztlxozlxfne,4.01,
2021-08-23,2021-08-24,9288,ZHR - RLLYJCIX,Ztlxozlxfne,30.53,
2021-08-23,2021-08-24,9288,WMB #5782,Ztlxozlxfne,16.73,
2021-08-23,2021-08-25,9288,I PABY YDLJU,Bhsswr,324.21,
2021-08-23,2021-08-24,9288,ZHR - RLLYJCIX,Ztlxozlxfne,93.69,
2021-08-23,2021-08-24,9288,RFELRZISC SPYZCREJ,Ztlxozlxfne,42.06,
2021-08-23,2021-08-25,9288,ZLWAXSBATG,Bhsswr,249.03,
2021-08-23,2021-08-25,9288,UTQHL,Ztlxozlxfne,47.77,
2021-08-22,2021-08-24,2574,WMB #5782,Ztlxozlxfne,2.84,
2021-08-22,2021-08-23,9288,QSEFYW.LAJ,Ztlxozlxfne,29.9,
2021-08-22,2021-08-23,2574,DYAGUI CQPOQ PZSEWI JWLJ,Ztlxozlxfne,22.7,
2021-08-22,2021-08-23,9288,YEVNYCGSV #0757,Ztlxozlxfne,8.01,
2021-08-22,2021-08-23,9288,WMB #5782,Ztlxozlxfne,11.29,
2021-08-21,2021-08-21,2574,FETJU.FZE/JMPO,Wlbyvdrggfgwn,3.23,
2021-08-21,2021-08-22,2574,TKHYXP00251722I,Gko/Mngbsjzgsl,2.68,
2021-08-21,2021-08-21,2574,FETJU.FZE/JMPO,Wlbyvdrggfgwn,11.5,
2021-08-20,2021-08-21,9288,ALWHIWM WDIR 07067,Xxmtge Tqbf,,0.28
2021-08-20,2021-08-22,2574,FETJU.FZE/JMPO,Wlbyvdrggfgwn,2.7,
2021-08-20,2021-08-21,9288,RQFOLC TSH #0006,Gko/Mngbsjzgsl,15.87,
2021-08-19,2021-08-20,9288,PJQU-DUQNJLPRZNVPNXBS,Bhsswr,33.5,
2021-08-18,2021-08-19,2574,FETJU.FZE/JMPO,Ztlxozlxfne,1.61,
2021-08-18,2021-08-19,9288,ZHR - RLLYJCIX,Ztlxozlxfne,13.07,
2021-08-18,2021-08-18,9288,VOJTZHIA PQR EPLYSKPNR,Bhsswr,37.07,
2021-08-18,2021-08-20,9288,ABAWF & JLDL - 1134 DJKPB,Ztlxozlxfne,9.79,
2021-08-17,2021-08-18,9288,UWN* QWZPDNN B,Bhsswr,11.21,
2021-08-17,2021-08-18,9288,HJR OXVNXW,Wlbyvdrggfgwn,28.12,
2021-08-16,2021-08-17,9288,RHRFJ YZSRZ,Bhsswr,6.41,
2021-08-16,2021-08-18,9288,FLXXOMU MFMZ3550,Gko/Mngbsjzgsl,21.78,
2021-08-14,2021-08-16,2574,FETJU.FZE/JMPO,Ztlxozlxfne,17.98,
2021-08-14,2021-08-15,9288,RHRFJ YZSRZ,Bhsswr,6.21,
2021-08-14,2021-08-15,9288,ORJTQL 00009994,Ztlxozlxfne,,9.24
2021-08-12,2021-08-13,9288,ZHR - RLLYJCIX,Ztlxozlxfne,117.19,
2021-08-12,2021-08-15,9288,TTKBHX VXA 0001511583616,Oecbhvm,416.65,
2021-08-12,2021-08-14,9288,IXI*TRRFQ ILHG SHSLUBU,Bhsswr,0.86,
2021-08-11,2021-08-13,9288,ZWMRCTB RTO VJEURK,Wlbyvdrggfgwn,78.99,
2021-08-11,2021-08-14,9288,CURFFV AWT 0001536414976,Oecbhvm,335.7,
2021-08-11,2021-08-13,9288,GTBPMAA TCVLNN CBK,Xufnxrnnf,124.09,
2021-08-11,2021-08-12,9288,RCFCPMAU 0770,Bhsswr,7.91,
2021-08-11,2021-08-11,9288,OALCFC* Sbobdt Zqpqcze,Xiakpfbs,1.07,
2021-08-10,2021-08-10,2574,HVKPHMKXO*ARUS RFJV FDMQ,Xiakpfbs,5.49,
2021-08-10,2021-08-13,9288,QYLYVN WTP 0001499664512,Oecbhvm,373.08,
2021-08-10,2021-08-11,2560,FETJU.FZE/JMPO,Wlbyvdrggfgwn,0.56,
2021-08-10,2021-08-11,9288,JJHVRPOEO YGEQ PKEWNH,Bhsswr,20.45,
2021-08-10,2021-08-11,9288,ZRY/SMLFQALI #10537,Xxmtge Tqbf,4.53,
2021-08-09,2021-08-10,9288,ZHR - RLLYJCIX,Ztlxozlxfne,100.35,
2021-08-09,2021-08-10,9288,ERR NRJ JNCU MPTMKROEFU H,Bhsswr,113.27,
2021-08-09,2021-08-11,9288,RVMDUPSAK-YXFX #0014,Ztlxozlxfne,,23.75
2021-08-09,2021-08-11,9288,ZHR - RLLYJCIX,Ztlxozlxfne,22.19,
2021-08-08,2021-08-11,9288,KWVAQY WGZ 0001496608256,Oecbhvm,435.59,
2021-08-08,2021-08-11,9288,LIQXFGB #3699,Ztlxozlxfne,12.56,
2021-08-08,2021-08-11,9288,KPOHFWX DQX,Ztlxozlxfne,54.15,
2021-08-08,2021-08-11,9288,ORJTQL 00009994,Ztlxozlxfne,80.98,
2021-08-08,2021-08-09,2594,FETJU.FZE/JMPO,Wlbyvdrggfgwn,2.36,
2021-08-08,2021-08-09,9288,ZRY/SMLFQALI #10537,Xxmtge Tqbf,13.41,
2021-08-08,2021-08-09,9288,NQYG AXNEJWVC,Bhsswr,3.7,
2021-08-08,2021-08-09,9288,CP *ASPSOMXBNH RJ MZMRJIE,Bhsswr,3.36,
2021-08-08,2021-08-10,9288,RVMDUPSAK-YXFX #0014,Ztlxozlxfne,112.93,
2021-08-08,2021-08-08,2643,CDW*Taen Xzmrpytj He,Xxmtge Tqbf,72.25,
2021-08-07,2021-08-09,9288,TO *Elh-Smzm Kuwfez,Wlbyvdrggfgwn,84.81,
2021-08-07,2021-08-08,9288,VIC* GXY VGXMTR YAHQYE -,Bhsswr,19.72,
2021-08-06,2021-08-09,9288,GFBBDT EDS 0001532824064,Oecbhvm,483.19,
2021-08-06,2021-08-08,9288,ZRY/SMLFQALI #10537,Xxmtge Tqbf,,3.72
2021-08-06,2021-08-07,9288,VB *ZDCRVIWTS MMRTDV NMDL,Wlbyvdrggfgwn,4.5,
2021-08-06,2021-08-08,9288,FB YJOJOPB-075468492,Ztlxozlxfne,323.65,
2021-08-06,2021-08-07,9288,AI *DJPZFYC TZJUCK,Wlbyvdrggfgwn,184.53,
2021-08-06,2021-08-07,9288,MU *SAO IOSEAB VDUW NCE,Ztlxozlxfne,6.35,
2021-08-06,2021-08-07,9288,TO *Elh-Smzm Kuwfez,Wlbyvdrggfgwn,50.2,
2021-08-06,2021-08-08,9288,ENRLEEFIPA UJKNX VQMD -,Bhsswr,18.8,
2021-08-05,2021-08-06,9288,ZRY/SMLFQALI #10537,Xxmtge Tqbf,6.96,
2021-08-05,2021-08-06,9288,BQ *KLWZZ DWONWH AWYWN,Ztlxozlxfne,2.52,
2021-08-05,2021-08-06,2584,FETJU.FZE/JMPO,Wlbyvdrggfgwn,2.38,
2021-08-05,2021-08-06,2636,FP *YAIDSNXO VHQCEM UKGT,Ztlxozlxfne,21.54,
2021-08-05,2021-08-06,9288,AD *RRWCPVKC QYO OTTIL,Bhsswr,6.4,
2021-08-05,2021-08-05,2582,YWYAJGY TPC AUZNXX XDQP,Rnhvwmq/Uvohez,,8519.95
2021-08-05,2021-08-06,9288,QUWBOK 00033015,Ztlxozlxfne,2.05,
2021-08-04,2021-08-05,9288,RFELRZISC SPYZCREJ,Ztlxozlxfne,81.42,
2021-08-04,2021-08-04,9288,AKBZMI HEXO ALITGPYBI,Bhsswr,34.19,
2021-08-03,2021-08-04,2581,AFNTILFNP*EJII,Xiakpfbs,0.56,
2021-08-03,2021-08-04,2558,YSH MNRAE LISW UIMYL,Bhsswr,10.15,
2021-08-03,2021-08-04,9288,YPKDAVS,Fyxfu/Dkwlm,5.2,
2021-08-02,2021-08-04,9288,ZHR - RLLYJCIX,Ztlxozlxfne,22.4,
2021-08-02,2021-08-04,9288,YPKDAVS,Fyxfu/Dkwlm,4.03,
2021-08-02,2021-08-04,9288,JG *PHGML YLWLHWZ VNNKZS,Bhsswr,2.64,
2021-08-02,2021-08-04,9288,HOOeggq*MCPyvbn,Zpaqy Ftvifrqn,8.41,
2021-08-02,2021-08-03,9288,WMB #5782,Ztlxozlxfne,7.12,
2021-08-02,2021-08-03,9288,SBVHLI JCPRHT USP NYTQ,Zpaqy Ftvifrqn,12.09,
2021-08-02,2021-08-03,9288,QUWBOK 00033015,Ztlxozlxfne,56.8,
2021-08-01,2021-08-02,2673,FLJGS-KHBF,Ztlxozlxfne,15.32,
2021-08-01,2021-08-03,9288,IX *ZETBE XUZE EEWOPWRR,Bhsswr,5.05,
2021-08-01,2021-08-02,9288,ZHR - RLLYJCIX,Ztlxozlxfne,1.2,
2021-08-01,2021-08-03,2588,PFQ FARJ FWLYF #4813,Ztlxozlxfne,53.18,
2021-08-01,2021-08-02,9288,QUWBOK 00033015,Ztlxozlxfne,24.33,
2021-08-01,2021-08-01,9288,PJQU-DUQNJLPRZNVPNXBS,Bhsswr,36.33,
2021-07-31,2021-08-02,9288,ZNV.WJPORC* IZRXLLMTY,Ztlxozlxfne,,118.66
2021-07-31,2021-08-01,9288,DZQPKSGJX YRED #136,Ztlxozlxfne,27.75,
2021-07-31,2021-08-01,9288,QUWBOK 00033015,Ztlxozlxfne,,33.64
2021-07-30,2021-08-02,9288,PFQ FARJ FWLYF #4813,Ztlxozlxfne,14.81,
2021-07-30,2021-07-30,9288,UUELOA.LNB *,Ztlxozlxfne,29.5,
2021-07-30,2021-07-31,9288,ZRY/SMLFQALI #10537,Xxmtge Tqbf,1.46,
2021-07-29,2021-07-30,9288,RFELRZISC SPYZCREJ,Ztlxozlxfne,20.29,
2021-07-29,2021-07-29,9288,YUO ICOQWXT TSAZXZJ,Ztlxozlxfne,25.09,
2021-07-29,2021-07-30,9288,UBZ*AQMRG'K XRQSYLZ,Advfs,85.77,
2021-07-28,2021-07-29,9288,RFELRZISC SPYZCREJ,Ztlxozlxfne,19.97,
2021-07-28,2021-07-29,9288,ZHR - RLLYJCIX,Ztlxozlxfne,25.03,
2021-07-28,2021-07-29,2559,FETJU.FZE/JMPO,Wlbyvdrggfgwn,3.94,
2021-07-28,2021-07-29,9288,EB * AIKHOUFG.RIQ,Ztlxozlxfne,333.11,
2021-07-28,2021-07-29,9288,NZIIF VHIVFV SDGKKOUWLB,Dtbslehtpvgh Panwtrnx,37.04,
2021-07-27,2021-07-30,9288,ELNEKR *PMJFKNRF,Xiakpfbs,11.27,
2021-07-27,2021-07-29,2630,ERR NRJ JNCU MPTMKROEFU H,Bhsswr,103.24,
2021-07-27,2021-07-28,9288,ZHR - RLLYJCIX,Ztlxozlxfne,28.29,
2021-07-27,2021-07-28,9288,WMB #5782,Ztlxozlxfne,6.44,
2021-07-27,2021-07-29,9288,XEFDEQIW RHNJLJ 8245,Ztlxozlxfne,22.67,
2021-07-26,2021-07-29,9288,QTHEPQ RQSI HMIQI 304,Ztlxozlxfne,46.05,
2021-07-26,2021-07-27,2662,RFVNXL DFGJIO,Ztlxozlxfne,13.61,
2021-07-25,2021-07-27,9288,ZHR - RLLYJCIX,Ztlxozlxfne,94.13,
2021-07-25,2021-07-27,9288,NU *KCKIM' FFFXTYRJTS,Bhsswr,17.13,
2021-07-24,2021-07-25,9288,HJR OXVNXW,Wlbyvdrggfgwn,28.65,
2021-07-24,2021-07-26,9288,Czcqzk Svmrelpdrm,Ztlxozlxfne,22.84,
2021-07-24,2021-07-25,9288,IXAZZYUSB & BKUL #153,Ztlxozlxfne,65.16,
2021-07-24,2021-07-26,9288,YI *JR. ZTZO IIFE,Ztlxozlxfne,21.9,
2021-07-23,2021-07-24,9288,DEYTGH EGWM #0002,Ztlxozlxfne,1.03,
2021-07-23,2021-07-24,9288,OMBLRNC TBEF,Bhsswr,46.27,
2021-07-22,2021-07-24,2647,FETJU.FZE/JMPO,Wlbyvdrggfgwn,1.4,
2021-07-22,2021-07-25,9288,YEVNYCGSV #0757,Ztlxozlxfne,,30.64
2021-07-22,2021-07-24,9288,EO *UATQVIZ WCZX - GXYIVY,Ztlxozlxfne,6.2,
2021-07-21,2021-07-21,9288,AKBZMI HEXO ALITGPYBI,Bhsswr,48.96,
2021-07-21,2021-07-22,9288,YEVNYCGSV #0757,Ztlxozlxfne,51.9,
2021-07-21,2021-07-22,9288,IXAZZYUSB & BKUL #153,Ztlxozlxfne,14.83,
2021-07-20,2021-07-22,9288,"EBFFU KZWOQLPT JJPFZEBT,",Advfs,225.54,
2021-07-20,2021-07-21,9288,TVAHYJ UBTOUSIY,Ztlxozlxfne,1384.98,
2021-07-20,2021-07-21,2637,AFNTILFNP*EJII,Xiakpfbs,35.44,
2021-07-20,2021-07-21,9288,GRWNEG SAM'G #159 VHC,Ztlxozlxfne,31.38,
2021-07-20,2021-07-21,9288,RFELRZISC SPYZCREJ,Ztlxozlxfne,69.35,
2021-07-19,2021-07-21,2560,PFQ FARJ FWLYF #4813,Ztlxozlxfne,69.55,
2021-07-19,2021-07-21,2594,FETJU.FZE/JMPO,Wlbyvdrggfgwn,2.11,
2021-07-19,2021-07-20,9288,RHRFJ YZSRZ,Bhsswr,11.61,
2021-07-19,2021-07-20,9288,ERR NRJ JNCU MPTMKROEFU H,Bhsswr,79.79,
2021-07-18,2021-07-19,9288,ZHR - RLLYJCIX,Ztlxozlxfne,62.19,
2021-07-17,2021-07-20,2566,PFQ FARJ FWLYF #4813,Ztlxozlxfne,69.59,
2021-07-17,2021-07-19,9288,AD *RRWCPVKC QYO OTTIL,Bhsswr,2.48,
2021-07-17,2021-07-19,9288,QUWBOK 00033015,Ztlxozlxfne,77.74,
2021-07-16,2021-07-17,9288,BB *KLUSWMN QPTYNLK,Ztlxozlxfne,6.35,
2021-07-16,2021-07-16,9288,AKBZMI HEXO ALITGPYBI,Bhsswr,37.18,
2021-07-16,2021-07-18,9288,ZANYAH DMNRA FYECCTLGH EI,Bhsswr,43.77,
2021-07-16,2021-07-18,9288,ZHR - RLLYJCIX,Ztlxozlxfne,97.94,
2021-07-16,2021-07-17,9288,FETJU.FZE/JMPO,Wlbyvdrggfgwn,6.25,
2021-07-15,2021-07-16,9288,ZRY/SMLFQALI #10537,Xxmtge Tqbf,3.17,
2021-07-14,2021-07-16,9288,TFSJS PHQLVZ OHGSXJPH EAF,Bhsswr,59.67,
2021-07-14,2021-07-15,2594,ZRY/SMLFQALI #10537,Xxmtge Tqbf,19.84,
2021-07-14,2021-07-16,9288,PFQ FARJ FWLYF #4813,Ztlxozlxfne,10.34,
2021-07-14,2021-07-16,9288,PFQ FARJ FWLYF #4813,Ztlxozlxfne,20.87,
2021-07-14,2021-07-15,9288,ZZVCPTM 0205182,Gko/Mngbsjzgsl,7.08,
2021-07-13,2021-07-15,9288,QUWBOK 00033015,Ztlxozlxfne,1.16,
2021-07-13,2021-07-13,2594,HVKPHMKXO*ARUS RFJV FDMQ,Xiakpfbs,12.27,
2021-07-13,2021-07-14,9288,FETJU.FZE/JMPO,Wlbyvdrggfgwn,3.07,
2021-07-13,2021-07-14,9288,YEVNYCGSV #0757,Ztlxozlxfne,57.62,
2021-07-13,2021-07-13,9288,VOJTZHIA PQR EPLYSKPNR,Bhsswr,32.98,
2021-07-13,2021-07-14,9288,ICTG WAIM-C-PBZ,Vpt Weznjp,145.84,
2021-07-13,2021-07-14,9288,UUELOA.LNB *,Ztlxozlxfne,74.92,
2021-07-12,2021-07-14,2594,Vlnpqprrm,Wlbyvdrggfgwn,5.5,
2021-07-12,2021-07-14,9288,ASAGZYL.TLZ,Ztlxozlxfne,77.96,
2021-07-12,2021-07-12,2594,Gdpsiv Sjznqxat Cgmib Fo.,Ztlxozlxfne,31.49,
2021-07-12,2021-07-12,9288,AKBZMI HEXO ALITGPYBI,Bhsswr,36.59,
2021-07-12,2021-07-13,9288,GRWNEG SAM'G #159 VHC,Ztlxozlxfne,22.49,
2021-07-12,2021-07-14,2594,PFQ FARJ FWLYF #4813,Ztlxozlxfne,12.74,
2021-07-11,2021-07-12,2594,FETJU.FZE/JMPO,Ztlxozlxfne,2.4,
2021-07-11,2021-07-12,9288,QUWBOK 00033015,Ztlxozlxfne,25.46,
2021-07-11,2021-07-13,2594,ZZVCPTM 0205182,Gko/Mngbsjzgsl,3.81,
2021-07-11,2021-07-12,2594,GRWNEG SAM'G #159 VHC,Ztlxozlxfne,1.34,
2021-07-10,2021-07-11,9288,CQUSGWYCJ.NTT CKAO,Advfs,536.7,
2021-07-10,2021-07-11,9288,OAGCTOBFQ #0007,Ztlxozlxfne,249.61,
2021-07-09,2021-07-12,9288,ECJIM-OYM-M #03241,Bhsswr,13.59,
2021-07-09,2021-07-10,9288,YEVNYCGSV #0757,Ztlxozlxfne,110.73,
2021-07-09,2021-07-11,9288,TOADKVAPD-AXDTGVXC IZP,Ztlxozlxfne,23.84,
2021-07-09,2021-07-10,9288,QCU* AECSM XQKQJ WEUVJZ -,Bhsswr,7.01,
2021-07-09,2021-07-10,9288,AOCNB WWYL WAR DOQK,Ztlxozlxfne,166.95,
2021-07-09,2021-07-10,2594,RFVNXL DFGJIO,Ztlxozlxfne,27.27,
2021-07-08,2021-07-09,9288,XSHA OFV ZWT,Bhsswr,26.29,
2021-07-08,2021-07-09,9288,ZHR - RLLYJCIX,Ztlxozlxfne,24.32,
2021-07-08,2021-07-10,2594,ZRY/SMLFQALI #10537,Xxmtge Tqbf,24.91,
2021-07-08,2021-07-09,9288,ZHR - RLLYJCIX,Ztlxozlxfne,66.38,
2021-07-07,2021-07-08,9288,RFELRZISC SPYZCREJ,Ztlxozlxfne,9.43,
2021-07-07,2021-07-08,2594,YWYAJGY TPC AUZNXX XDQP,Rnhvwmq/Uvohez,,5006.25
2021-07-07,2021-07-08,9288,ZHE BFMCML,Ztlxozlxfne,604.93,
2021-07-07,2021-07-08,9288,RFELRZISC SPYZCREJ,Ztlxozlxfne,9.37,
2021-07-07,2021-07-08,9288,YPKDAVS,Fyxfu/Dkwlm,5.85,
2021-07-07,2021-07-08,9288,RLOWHD OXLO MUTDBSUPXT,Bhsswr,22.21,
2021-07-06,2021-07-08,9288,HOOeggq*MCPyvbn,Zpaqy Ftvifrqn,19.9,
2021-07-06,2021-07-07,9288,UWN* QWZPDNN B,Bhsswr,17.14,
2021-07-06,2021-07-07,9288,ZNV.WJPORC* IZRXLLMTY,Ztlxozlxfne,366.47,
2021-07-06,2021-07-07,9288,DEYTGH EGWM #0002,Ztlxozlxfne,7.46,
2021-07-06,2021-07-06,9288,AKBZMI HEXO ALITGPYBI,Bhsswr,55.87,
2021-07-05,2021-07-06,9288,RFELRZISC SPYZCREJ,Ztlxozlxfne,5.18,
2021-07-05,2021-07-07,9288,HOOeggq*MCPyvbn,Zpaqy Ftvifrqn,8.41,
2021-07-05,2021-07-06,9288,PJRSE.EFY/EO,Ztlxozlxfne,,50.25
2021-07-05,2021-07-07,9288,NOJ - ZPB YRY AQPOU VJZ,Bhsswr,17.8,
2021-07-05,2021-07-05,9288,EMPWO,Rwcrj Rfeuib,122.37,
2021-07-04,2021-07-06,2594,EPUWJ`J ZIQHFLHB KBXYO,Ztlxozlxfne,512,
2021-07-04,2021-07-07,9288,JANDKXWOJ ENRIA 00302,Bhsswr,3.43,
2021-07-04,2021-07-05,9288,IRRUM - GXDXRCOA,Ztlxozlxfne,22.09,
2021-07-04,2021-07-06,9288,JANDKXWOJ ENRIA 00302,Bhsswr,4.69,
2021-07-04,2021-07-04,9288,OALCFC* Sbobdt Zqpqcze,Xiakpfbs,1.07,
2021-07-04,2021-07-06,9288,XZYHLUGKD XHFGZK.,Bhsswr,89.18,
2021-07-04,2021-07-05,9288,UGH* SFJWD IYJSESLCH,Bhsswr,18.01,
2021-07-04,2021-07-06,9288,CSI WO HJMA RZKUVV I 2242,Bhsswr,8.06,
2021-07-03,2021-07-05,2594,RQFOLC TSH #0006,Gko/Mngbsjzgsl,21.68,
2021-07-03,2021-07-05,2594,ZHR - RLLYJCIX,Ztlxozlxfne,27.02,
2021-07-03,2021-07-05,9288,DEYTGH EGWM #0002,Ztlxozlxfne,0.84,
2021-07-03,2021-07-05,9288,RFELRZISC SPYZCREJ,Ztlxozlxfne,,1.54
2021-07-03,2021-07-09,9288,QQ VRINSBAB WAJG YQXDR,Wlkxnmy,78.09,
2021-07-03,2021-07-04,9288,RVMDUPSAK-YXFX #0014,Ztlxozlxfne,10.96,
2021-07-03,2021-07-04,9288,NEVCAN 00003370,Ztlxozlxfne,458.64,
2021-07-03,2021-07-04,9288,OV * XWX IWCPYUBXB,Ztlxozlxfne,188.42,
2021-07-03,2021-07-04,9288,QUWBOK 00033015,Ztlxozlxfne,118.07,
2021-07-03,2021-07-05,9288,BR *FHGXI - R'PTHXCXAACZ,Ztlxozlxfne,26.83,
2021-07-03,2021-07-05,9288,IZLON MJL Auytodz Uqi,Oecbhvm,17.94,
2021-07-02,2021-07-03,2594,FETJU.FZE/JMPO,Wlbyvdrggfgwn,2.79,
2021-07-02,2021-07-04,9288,CROMR HIB OUTP FKYMX PWF,Bhsswr,12.42,
2021-07-02,2021-07-04,9288,QNQBAQ #0062,Ztlxozlxfne,50.65,
2021-07-02,2021-07-03,9288,RFELRZISC SPYZCREJ,Ztlxozlxfne,87.21,
2021-07-02,2021-07-03,9288,ZHR - RLLYJCIX,Ztlxozlxfne,107.93,
2021-07-02,2021-07-03,2594,ERR NRJ JNCU MPTMKROEFU H,Bhsswr,78.19,
2021-07-02,2021-07-04,9288,QSEFYW.LAJ,Ztlxozlxfne,23.99,
2021-07-02,2021-07-03,9288,VYJJ-BYSXYZQALEVCNFCW,Bhsswr,59.11,
2021-07-02,2021-07-04,9288,JAOGB H. FIZUAR VQX,Xxmtge Tqbf,375.75,
2021-07-02,2021-07-03,9288,NMKFVS & IOZX CQQ,Ztlxozlxfne,37.91,
2021-07-02,2021-07-03,9288,DCKUKZQ YRWMTNOFT,Zpaqy Ftvifrqn,34.14,
2021-07-02,2021-07-02,2594,YWYAJGY TPC AUZNXX XDQP,Rnhvwmq/Uvohez,,5840.56
2021-07-02,2021-07-02,9288,JER* FZ GGEH RNZACQUGA -,Bhsswr,28.79,
2021-07-01,2021-07-03,9288,LKKYK IAZXUUZ,Bhsswr,26.59,
2021-07-01,2021-07-02,9288,LWND RACU,Rwcrj Rfeuib,87.74,
2021-07-01,2021-07-03,9288,IZLON MJL Auytodz Uqi,Oecbhvm,17.97,
2021-07-01,2021-07-03,9288,IZLON MJL Auytodz Uqi,Oecbhvm,14.43,
2021-07-01,2021-07-03,2594,LCNATJ RDXLEXIBZL,Bhsswr,286.66,
2021-07-01,2021-07-03,2594,FETJU.FZE/JMPO,Wlbyvdrggfgwn,3.58,
2021-07-01,2021-07-02,2594,NXVQ *SCHU UEEN.DHLE.CVR,Rwcrj Rfeuib,32.38,
2021-06-30,2021-07-01,9288,QUWBOK 00033015,Ztlxozlxfne,70.54,
2021-06-30,2021-07-02,9288,EAEICMT #1592,Ztlxozlxfne,4.29,
2021-06-30,2021-07-01,9288,DEYTGH EGWM #0002,Ztlxozlxfne,2.76,
2021-06-30,2021-07-03,9288,JAOGB H. FIZUAR VQX,Xxmtge Tqbf,285.49,
2021-06-30,2021-07-02,9288,IZLON MJL Auytodz Uqi,Oecbhvm,15.31,
2021-06-30,2021-07-01,9288,HAVZQRT 76191,Ztlxozlxfne,328.34,
2021-06-30,2021-07-01,9288,KTHHXXWQ XHU 10132,Ztlxozlxfne,24.62,
2021-06-30,2021-06-30,9288,JER* FZ GGEH RNZACQUGA -,Bhsswr,13.99,
2021-06-29,2021-06-30,9288,ZHR - RLLYJCIX,Ztlxozlxfne,4.92,
2021-06-29,2021-07-01,9288,EAEICMT #1592,Ztlxozlxfne,15.71,
2021-06-29,2021-07-01,9288,IZLON MJL Auytodz Uqi,Oecbhvm,16.5,
2021-06-29,2021-07-01,9288,CTMVTIU,Ztlxozlxfne,7.83,
2021-06-28,2021-06-30,9288,EAEICMT #1592,Ztlxozlxfne,2.85,
2021-06-28,2021-06-30,9288,CSI WO HJMA RZKUVV I 2242,Bhsswr,55.45,
2021-06-28,2021-06-30,9288,NMKFVS & IOZX CQQ,Ztlxozlxfne,699.26,
2021-06-28,2021-06-29,9288,UHYCQEUKO,Ztlxozlxfne,224.26,
2021-06-28,2021-06-28,9288,JER* FZ GGEH RNZACQUGA -,Bhsswr,29.34,
2021-06-28,2021-06-29,9288,HRCHWB'J MKYLJKPN,Xxmtge Tqbf,10.3,
2021-06-28,2021-06-30,9288,XLFKJP HC OSBC - ATBSCBAG,Ztlxozlxfne,8.53,
2021-06-27,2021-06-29,9288,ASAGZYL.TLZ,Ztlxozlxfne,50.15,
2021-06-27,2021-06-27,9288,JER* FZ GGEH RNZACQUGA -,Bhsswr,28.22,
2021-06-27,2021-06-28,9288,CVK* NIDJT EFXOD - 1398 -,Bhsswr,4.7,
2021-06-27,2021-06-29,2594,KUGZGGT SXKTE,Gko/Mngbsjzgsl,70.76,
2021-06-27,2021-06-29,9288,VB *YNWFBXTOB,Bhsswr,21.82,
2021-06-26,2021-06-28,9288,YPKDAVS,Fyxfu/Dkwlm,5.85,
2021-06-26,2021-06-27,9288,WXRSEHFGDFOVJOK.AEO,Ztlxozlxfne,97.48,
2021-06-26,2021-06-28,2594,XVSVSCJLJP 96735272,Gko/Mngbsjzgsl,15.12,
2021-06-26,2021-06-27,9288,NASOAOE XNOQTE,Rwcrj Rfeuib,2680.91,
2021-06-25,2021-06-27,2594,TQ *GSPXRFGVI,Bhsswr,82.6,
2021-06-25,2021-06-27,9288,ITT HET WF* WIZ XET RK,Bhsswr,20.56,
2021-06-25,2021-06-25,2594,WAE* FPROG RDWMKVOS - 57X,Bhsswr,5.85,
2021-06-24,2021-06-25,9288,DRBJTIJZL #0210,Ztlxozlxfne,88.96,
2021-06-24,2021-06-26,2594,AA ESMF CGE CYU,Bhsswr,120.04,
2021-06-24,2021-06-26,2594,BWFOLDVD,Fyxfu/Dkwlm,96.95,
2021-06-24,2021-06-26,9288,N&B0277,Ztlxozlxfne,58.98,
2021-06-24,2021-06-26,9288,FETJU.FZE/JMPO,Wlbyvdrggfgwn,10.91,
2021-06-23,2021-06-25,2594,FF DWKGNBUVF,Bhsswr,373.24,
2021-06-23,2021-06-25,9288,"JKYFU'I & ZY., UUS.",Ztlxozlxfne,5.93,
2021-06-23,2021-06-24,9288,KGK* VJFBSXLCG KHA,Bhsswr,25.29,
2021-06-23,2021-06-25,9288,OZF*WBDINEKTH UNNIUJO,Rwcrj Rfeuib,13.55,
2021-06-23,2021-06-23,9288,WAE* FPROG RDWMKVOS - 57X,Bhsswr,2.4,
2021-06-22,2021-06-23,9288,CU * CLNZCPMDZVS.TBN,Ztlxozlxfne,781.26,
2021-06-22,2021-06-24,9288,RZX* FT DRNQULX - DKNKLCO,Bhsswr,96.5,
2021-06-22,2021-06-24,9288,WVUCYSLO *UIOGIILDK,Xiakpfbs,0.25,
2021-06-22,2021-06-23,2594,FETJU.FZE/JMPO,Wlbyvdrggfgwn,1.34,
2021-06-22,2021-06-23,9288,DRD JYN - ZSHDM,Rwcrj Rfeuib,6.35,
2021-06-22,2021-06-24,9288,YHACMNJLA EEJFYL,Bhsswr,13.87,
2021-06-22,2021-06-23,9288,KTHHXXWQ XHU 10132,Ztlxozlxfne,19.88,
2021-06-21,2021-06-23,2594,FETJU.FZE/JMPO,Xiakpfbs,9.86,
2021-06-21,2021-06-22,9288,CPF/PSNLLIUA #10538,Xxmtge Tqbf,50.52,
2021-06-21,2021-06-23,9288,LL *VHX?I FHOTSU,Bhsswr,11.95,
2021-06-20,2021-06-22,9288,AEW* ZLBGGE'D SFVQA EDSGE,Bhsswr,6.3,
2021-06-19,2021-06-21,9288,VB *YNWFBXTOB,Bhsswr,8.89,
2021-06-19,2021-06-20,9288,UVRB-ENDLBYJUBTBOANEB,Bhsswr,53.2,
2021-06-19,2021-06-22,9288,VNQ*KYYQ HMYRB,Rwcrj Rfeuib,1.26,
2021-06-18,2021-06-19,2594,FETJU.FZE/JMPO,Wlbyvdrggfgwn,2.32,
2021-06-18,2021-06-21,9288,VNQ*KYYQ HMYRB,Rwcrj Rfeuib,1.43,
2021-06-18,2021-06-19,9288,AFWL NMKWZC PE QSBWOAU,Zpaqy Ftvifrqn,0.42,
2021-06-17,2021-06-19,9288,OZF*WBDINEKTH UNNIUJO,Rwcrj Rfeuib,15.5,
2021-06-17,2021-06-18,9288,ITT HET WF* WIZ XET RK,Bhsswr,31.65,
2021-06-17,2021-06-18,9288,NAENLZBQU,Ztlxozlxfne,25.18,
2021-06-16,2021-06-17,9288,DRD JYN - ZSHDM,Rwcrj Rfeuib,2.09,
2021-06-16,2021-06-17,9288,CPF/PSNLLIUA #10538,Xxmtge Tqbf,1.41,
2021-06-14,2021-06-17,9288,"JKYFU'I & ZY., UUS.",Ztlxozlxfne,12.51,
2021-06-14,2021-06-15,2594,OABAU PAQJK #14374,Xxmtge Tqbf,9.69,
2021-06-14,2021-06-15,9288,HDXAAO 00032520,Ztlxozlxfne,20.22,
2021-06-13,2021-06-14,9288,AFWL NMKWZC PE QSBWOAU,Zpaqy Ftvifrqn,1.12,
2021-06-13,2021-06-14,9288,GQUIBORN AHGTPH - HBPVRD,Bhsswr,7.15,
2021-06-12,2021-06-13,9288,ABMYOVFA MPEYUF,Bhsswr,13.47,
2021-06-12,2021-06-13,9288,JEQN WVR 04271,Xxmtge Tqbf,1.07,
2021-06-11,2021-06-12,9288,DRBJTIJZL #0210,Bhsswr,85.72,
2021-06-11,2021-06-14,9288,CTMVTIU,Ztlxozlxfne,13.25,
2021-06-11,2021-06-13,9288,LL *VHX?I FHOTSU,Bhsswr,7.95,
2021-06-11,2021-06-11,2594,YWYAJGY TPC AUZNXX XDQP,Rnhvwmq/Uvohez,,4378.8
2021-06-10,2021-06-10,2594,HVKPHMKXO*ARUS RFJV FDMQ,Xiakpfbs,6.03,
2021-06-10,2021-06-12,2594,QRZD'B CWX YDWRLTG,Bhsswr,261.88,
2021-06-10,2021-06-11,9288,GQUIBORN AHGTPH - HBPVRD,Bhsswr,5.3,
2021-06-10,2021-06-12,9288,VQTCEXWUBY OI UFLZUCUE,Ztlxozlxfne,103.5,
2021-06-10,2021-06-11,2594,LWND RACU,Rwcrj Rfeuib,4.44,
2021-06-10,2021-06-11,2594,FETJU.FZE/JMPO,Ztlxozlxfne,2.63,
2021-06-10,2021-06-11,9288,INTCXNXNK,Ztlxozlxfne,81.33,
2021-06-09,2021-06-12,9288,HNREYD *YAGTFGVTM20,Dtbslehtpvgh Panwtrnx,15.3,
2021-06-09,2021-06-10,9288,KDLJTS AMV'P #555 QAX,Ztlxozlxfne,20.72,
2021-06-08,2021-06-10,9288,"JKYFU'I & ZY., UUS.",Ztlxozlxfne,12.39,
2021-06-08,2021-06-09,9288,WDLQWSQ QDOG EPPRYFAG,Zpaqy Ftvifrqn,166.8,
2021-06-08,2021-06-09,9288,JWFHZG WESSMXZP - I,Ztlxozlxfne,11.97,
2021-06-08,2021-06-09,2594,LWND RACU,Rwcrj Rfeuib,2.27,
2021-06-07,2021-06-08,9288,WOQUM EKXEZ 1025,Bhsswr,9.17,
2021-06-07,2021-06-07,9288,OALCFC* Sbobdt Zqpqcze,Xiakpfbs,1.07,
2021-06-07,2021-06-08,9288,AAHK RI NQGG,Bhsswr,11.69,
2021-06-07,2021-06-08,9288,NAENLZBQU,Ztlxozlxfne,52.15,
2021-06-07,2021-06-09,9288,ECUZOAN ECGCLD,Wlbyvdrggfgwn,138.4,
2021-06-06,2021-06-08,9288,HPVrsfp*IBDnabr odys,Zpaqy Ftvifrqn,1.8,
2021-06-06,2021-06-07,9288,QMVFOQY EHD - 55,Zpaqy Ftvifrqn,132.68,
2021-06-06,2021-06-07,9288,ZHE BFMCML,Ztlxozlxfne,232.61,
2021-06-06,2021-06-09,9288,CTMVTIU,Ztlxozlxfne,10.27,
2021-06-06,2021-06-07,9288,DV 6CL QPH ZH0031,Ztlxozlxfne,,41.76
2021-06-05,2021-06-06,9288,OM EJLF NOPTA KQ IXL,Zpaqy Ftvifrqn,45.93,
2021-06-05,2021-06-06,2594,LWND RACU,Rwcrj Rfeuib,32.14,
2021-06-05,2021-06-06,9288,KTHHXXWQ XHU 10132,Ztlxozlxfne,54.81,
2021-06-05,2021-06-06,9288,OM EJLF NOPTA KQ IXL,Zpaqy Ftvifrqn,36.85,
2021-06-04,2021-06-05,9288,IHYQOJTFDCULTKW377292,Bhsswr,21.76,
2021-06-03,2021-06-04,9288,LUKX MH -071239456,Zpaqy Ftvifrqn,20.12,
2021-06-03,2021-06-04,9288,UVRB-ENDLBYJUBTBOANEB,Bhsswr,25.58,
2021-06-03,2021-06-04,9288,HYZLGKTSV ATJFZ ZFZMXA,Bhsswr,99.1,
2021-06-03,2021-06-05,9288,WXRSEHFGDFOVJOK.AEO,Ztlxozlxfne,34.11,
2021-06-03,2021-06-04,9288,SDF ZDAEV MLEFTATRUR,Xxmtge Tqbf,35.94,
2021-06-02,2021-06-03,9288,GQUIBORN AHGTPH - HBPVRD,Bhsswr,9.21,
2021-06-02,2021-06-03,9288,CNVLOLZ 13365,Bhsswr,10.84,
2021-06-01,2021-06-03,2594,AFNTILFNP*EJII,Xiakpfbs,23.22,
2021-06-01,2021-06-02,2594,QIVPDMZ PMSSX YONVCZG,Wlbyvdrggfgwn,,64.2
2021-05-31,2021-06-01,9288,YPKDAVS,Fyxfu/Dkwlm,4.14,
2021-05-31,2021-06-01,9288,WKWYEAR CBJFNAVGEBBJ,Gko/Mngbsjzgsl,201.21,
2021-05-31,2021-06-01,2594,FETJU.FZE/JMPO,Ztlxozlxfne,4.03,
2021-05-31,2021-06-02,2594,PAKICJ VFAFWCA VCLZQY,Gko/Mngbsjzgsl,2.32,
2021-05-31,2021-05-31,9288,Ybanpm 1839 Mflugyup RQR,Ztlxozlxfne,26.73,
2021-05-30,2021-06-01,2594,CWXF,Bhsswr,72.14,
2021-05-30,2021-06-01,9288,YLYKZN,Ztlxozlxfne,1784.25,
2021-05-30,2021-06-02,9288,CTMVTIU,Ztlxozlxfne,34.3,
2021-05-30,2021-05-31,9288,RZX* FT DRNQULX - DKNKLCO,Bhsswr,47.13,
2021-05-29,2021-05-31,9288,WOQUM EKXEZ 1025,Bhsswr,56.55,
2021-05-29,2021-05-30,2594,QIVPDMZ PMSSX YONVCZG,Wlbyvdrggfgwn,,70.95
2021-05-29,2021-05-31,9288,SNRVCEPF TDWRUN SIKNV,Ztlxozlxfne,2.93,
2021-05-28,2021-05-28,9288,WAE* FPROG RDWMKVOS - 57X,Bhsswr,2.39,
2021-05-27,2021-05-29,2594,CA EGXPYK NHPGAT JHIQEOI,Bhsswr,164.23,
2021-05-27,2021-05-28,9288,RXRDW S NHYGBE,Xxmtge Tqbf,190.94,
2021-05-27,2021-05-28,9288,Ybanpm 1839 Mflugyup RQR,Ztlxozlxfne,3.66,
2021-05-26,2021-05-28,2594,MCBBO DJEPNZJ,Bhsswr,134.21,
2021-05-26,2021-05-27,9288,HDXAAO 00032520,Ztlxozlxfne,18.95,
2021-05-25,2021-05-26,9288,DV 6CL QPH ZH0031,Ztlxozlxfne,122.19,
2021-05-25,2021-05-26,2594,KQ *HGIZENX FJEL,Ztlxozlxfne,10.06,
2021-05-25,2021-05-27,9288,SS *GGSUCL PDRQROBJ,Bhsswr,81.11,
2021-05-24,2021-05-25,2594,Uymc Svxcnv ly Itlgoc,Bhsswr,35.04,
2021-05-24,2021-05-25,9288,HRCHWB'J MKYLJKPN,Xxmtge Tqbf,2.71,
2021-05-24,2021-05-25,2594,BWFOLDVD,Fyxfu/Dkwlm,77.3,
2021-05-24,2021-05-25,9288,WKBG AQP 03169,Xxmtge Tqbf,0.82,
2021-05-22,2021-05-23,9288,HRCHWB'J MKYLJKPN,Xxmtge Tqbf,6.35,
2021-05-22,2021-05-23,9288,QCBGVEQYXKLB*802-024-0755,Zpaqy Ftvifrqn,39.79,
2021-05-22,2021-05-23,9288,ADNYRA *KTIQJJKBYSR,Advfs,36.25,
2021-05-21,2021-05-21,9288,WAE* FPROG RDWMKVOS - 57X,Bhsswr,3.08,
2021-05-21,2021-05-22,9288,CNVLOLZ 13365,Bhsswr,11.32,
2021-05-21,2021-05-22,9288,WYXDX BPHHU #14125,Xxmtge Tqbf,1.6,
2021-05-20,2021-05-21,9288,BWFRSU *GFTVQWFUFHE,Zpaqy Ftvifrqn,66.59,
2021-05-20,2021-05-20,9288,WAE* FPROG RDWMKVOS - 57X,Bhsswr,4.14,
2021-05-19,2021-05-20,9288,BVVTNIWX PVO 10238,Ztlxozlxfne,1.91,
2021-05-19,2021-05-20,9288,AEW* ZLBGGE'D SFVQA EDSGE,Bhsswr,28.95,
2021-05-18,2021-05-20,2594,NDQEFZAHOX 10194387,Gko/Mngbsjzgsl,26.36,
2021-05-18,2021-05-20,9288,YHACMNJLA EEJFYL,Bhsswr,7.27,
2021-05-18,2021-05-21,9288,DRBJTIJZL #0210,Ztlxozlxfne,,72.67
2021-05-18,2021-05-19,9288,XPTVXPIEB DYKQPC #0804,Ztlxozlxfne,61.48,
2021-05-17,2021-05-18,2594,FETJU.FZE/JMPO,Ztlxozlxfne,1.66,
2021-05-17,2021-05-20,9288,SCLZJC *VTYPGCGZC,Xiakpfbs,51.38,
2021-05-17,2021-05-18,9288,KTHHXXWQ XHU 10132,Ztlxozlxfne,49.13,
2021-05-17,2021-05-19,9288,YHACMNJLA EEJFYL,Bhsswr,10.84,
2021-05-17,2021-05-19,9288,HPVrsfp*IBDnabr odys,Zpaqy Ftvifrqn,1.7,
2021-05-16,2021-05-17,9288,VYJJ-BYSXYZQALEVCNFCW,Bhsswr,33.58,
2021-05-16,2021-05-18,9288,UJXXN ZWJMF GVIECJS/KW,Gko/Mngbsjzgsl,138.4,
2021-05-16,2021-05-17,9288,DSEDEBSI YDQGLSGH,Bhsswr,35.69,
2021-05-16,2021-05-17,9288,DSEDEBSI YDQGLSGH,Bhsswr,298.3,
2021-05-16,2021-05-18,9288,WOQUM EKXEZ 1025,Bhsswr,44.93,
2021-05-15,2021-05-16,9288,GQUIBORN AHGTPH - HBPVRD,Bhsswr,14.13,
2021-05-14,2021-05-17,9288,CTMVTIU,Ztlxozlxfne,10.19,
2021-05-14,2021-05-15,9288,CPF/PSNLLIUA #10538,Xxmtge Tqbf,1.64,
2021-05-14,2021-05-15,9288,EMTAYL *OJJFDKUZDXP,Zpaqy Ftvifrqn,86.64,
2021-05-14,2021-05-15,9288,JEQN WVR 04271,Xxmtge Tqbf,0.82,
2021-05-13,2021-05-14,9288,LL *VHX?I FHOTSU,Bhsswr,8.8,
2021-05-13,2021-05-14,9288,DRBJTIJZL #0210,Ztlxozlxfne,96.7,
2021-05-12,2021-05-13,2594,LCNATJ RDXLEXIBZL,Bhsswr,219.26,
2021-05-12,2021-05-12,2594,HVKPHMKXO*ARUS RFJV FDMQ,Xiakpfbs,5.09,
2021-05-12,2021-05-14,2594,WTGYGWCKG GRDX - DDOZEJO,Bhsswr,33.48,
2021-05-12,2021-05-12,2594,HROOLXFO PYHLDK:PWJEZOHXL,Uls/Tioruzeo Stqlmd,1.91,
2021-05-12,2021-05-13,9288,NAENLZBQU,Ztlxozlxfne,24.21,
2021-05-12,2021-05-14,9288,XW *DWKB WJMSP LCEI/LLLT,Ztlxozlxfne,24.47,
2021-05-11,2021-05-13,9288,YHACMNJLA EEJFYL,Bhsswr,7.68,
2021-05-11,2021-05-11,2594,XNHMWMZ LQZ DRIRIR BIA,Uls/Tioruzeo Stqlmd,24.45,
2021-05-11,2021-05-12,9288,BVVTNIWX PVO 10238,Ztlxozlxfne,10.65,
2021-05-11,2021-05-13,9288,YGQ-BFUR KEO EOVHDV,Wlbyvdrggfgwn,193.1,
2021-05-11,2021-05-12,9288,KDLJTS AMV'P #555 QAX,Ztlxozlxfne,33.02,
2021-05-10,2021-05-11,9288,HRCHWB'J MKYLJKPN,Xxmtge Tqbf,82.67,
2021-05-10,2021-05-11,9288,UCS* UKKL OYRAWVU - YRZIB,Bhsswr,11.24,
2021-05-10,2021-05-11,9288,IJHS XRTV * FPYU GCOR,Bhsswr,33.32,
2021-05-10,2021-05-12,2594,ONU YEKZDI SUDDOT CTGSVP,Wlbyvdrggfgwn,75.84,
2021-05-09,2021-05-10,9288,HDXAAO 00032520,Ztlxozlxfne,5.85,
2021-05-09,2021-05-10,9288,VVERU WVYSY JIUIENAPC,Rwcrj Rfeuib,557.55,
2021-05-08,2021-05-10,9288,YHACMNJLA EEJFYL,Bhsswr,5.66,
2021-05-08,2021-05-09,9288,HDXAAO 00032520,Ztlxozlxfne,3.8,
2021-05-08,2021-05-10,9288,QSEFYW.LAJ,Ztlxozlxfne,23.91,
2021-05-06,2021-05-08,9288,YGQ-BFUR KEO EOVHDV,Wlbyvdrggfgwn,138.4,
2021-05-06,2021-05-09,9288,Q N YJCF #1105,Ztlxozlxfne,,6.42
2021-05-06,2021-05-07,9288,UVRB-ENDLBYJUBTBOANEB,Bhsswr,46.19,
2021-05-05,2021-05-06,9288,RVP*FWJLFOM.WVT,Ztlxozlxfne,28.85,
2021-05-05,2021-05-06,9288,HRCHWB'J MKYLJKPN,Xxmtge Tqbf,10.09,
2021-05-05,2021-05-06,9288,RZX* FT DRNQULX - DKNKLCO,Bhsswr,53.76,
2021-05-04,2021-05-05,2594,FETJU.FZE/JMPO,Ztlxozlxfne,2.29,
2021-05-04,2021-05-07,9288,YHACMNJLA EEJFYL,Bhsswr,6.35,
2021-05-04,2021-05-05,2594,FETJU.FZE/JMPO,Ztlxozlxfne,3.88,
2021-05-03,2021-05-04,9288,ITT HET WF* WIZ XET RK,Bhsswr,31.3,
2021-05-02,2021-05-04,9288,HJTIIA*URNXNV UOELTGF,Xiakpfbs,1.07,
2021-05-02,2021-05-03,9288,KUX RMPKOR,Ztlxozlxfne,,31.37
2021-05-02,2021-05-03,9288,KDLJTS AMV'P #555 QAX,Ztlxozlxfne,28.73,
2021-05-01,2021-05-02,9288,FQN OVJJ EUOFL YCL,Zpaqy Ftvifrqn,37.75,
2021-05-01,2021-05-01,9288,WAE* FPROG RDWMKVOS - 57X,Bhsswr,5.93,
2021-05-01,2021-05-02,9288,EOWVA TQM 00-0199373593,Oecbhvm,104.52,
2021-05-01,2021-05-02,9288,MITVA ODA 00-0194962380,Oecbhvm,94.28,
2021-04-30,2021-05-02,9288,YHACMNJLA EEJFYL,Bhsswr,14.48,
2021-04-30,2021-05-01,9288,YPKDAVS,Fyxfu/Dkwlm,5.3,
2021-04-30,2021-05-01,9288,WKWYEAR CBJFNAVGEBBJ,Gko/Mngbsjzgsl,161.8,
2021-04-29,2021-05-01,2594,MYVTQ HPPAHADSSL 6,Bhsswr,5.2,
2021-04-29,2021-04-30,9288,LL *VHX?I FHOTSU,Bhsswr,19.55,
2021-04-29,2021-04-30,9288,KZUUD CBE 00-0193274867,Oecbhvm,117.02,
2021-04-28,2021-04-29,9288,QWBY.RJH JTLFCN,Vpt Weznjp,340.11,
2021-04-28,2021-04-29,9288,PJRSE.EFY/EO,Ztlxozlxfne,,36.54
2021-04-28,2021-05-01,9288,NWXCU XU TBVPOLH - 956 5C,Bhsswr,18.03,
2021-04-28,2021-04-29,9288,"KHZ HDSTYNNV, IMX",Ztlxozlxfne,,6.87
2021-04-28,2021-04-29,9288,IXURQ INT 00-0195149888,Oecbhvm,84.24,
2021-04-28,2021-04-29,9288,CNVLOLZ 13365,Bhsswr,10.3,
2021-04-28,2021-04-29,9288,AAHK RI NQGG,Bhsswr,6.6,
2021-04-27,2021-04-28,9288,"KHZ HDSTYNNV, IMX",Ztlxozlxfne,,95.46
2021-04-27,2021-04-28,9288,DRBJTIJZL #0210,Bhsswr,55.52,
2021-04-27,2021-04-29,9288,VNQ*KYYQ HMYRB,Rwcrj Rfeuib,1.22,
2021-04-26,2021-04-28,2594,FIVHDV' VUZK GAROZ,Gko/Mngbsjzgsl,9.28,
2021-04-26,2021-04-29,9288,ELNEKR *PMJFKNRF,Xiakpfbs,11.56,
2021-04-26,2021-04-27,9288,AEW* ZLBGGE'D SFVQA EDSGE,Bhsswr,28.08,
2021-04-26,2021-04-27,9288,N&B0277,Ztlxozlxfne,22.83,
2021-04-25,2021-04-27,2594,WH *YWDVU HBECR LBEEMGU P,Bhsswr,9.39,
2021-04-25,2021-04-26,9288,Q N YJCF #1105,Ztlxozlxfne,14.26,
2021-04-25,2021-04-26,9288,UPu Wyh Ypqb,Ztlxozlxfne,18.16,
2021-04-25,2021-04-28,9288,YHACMNJLA EEJFYL,Bhsswr,16.84,
2021-04-24,2021-04-25,9288,NASOAOE XNOQTE,Rwcrj Rfeuib,586.3,
2021-04-24,2021-04-26,9288,EBGMG ISVEO - 1325,Bhsswr,10.89,
2021-04-24,2021-04-25,9288,VVJTCJ YNGMJ #1920,Bhsswr,4.52,
2021-04-24,2021-04-26,2594,FETJU.FZE/JMPO,Ztlxozlxfne,1.38,
2021-04-24,2021-04-26,9288,"JKYFU'I & ZY., UUS.",Ztlxozlxfne,27.22,
2021-04-24,2021-04-25,9288,WUWFPYYBP 15084,Bhsswr,8.76,
2021-04-23,2021-04-24,9288,PB *THJBYQ HYHW,Bhsswr,7.33,
2021-04-23,2021-04-24,9288,NAENLZBQU,Ztlxozlxfne,10.52,
2021-04-22,2021-04-23,9288,KOSY'G KTWPYPSDB WOK,Bhsswr,10.79,
2021-04-22,2021-04-23,9288,ARQQK OXJ 00-0195633433,Oecbhvm,97.97,
2021-04-22,2021-04-23,9288,L W BEVF #1177,Ztlxozlxfne,35.87,
2021-04-22,2021-04-23,9288,CPF/PSNLLIUA #10538,Xxmtge Tqbf,4.29,
2021-04-21,2021-04-23,9288,ARNZ IWU YIGUW YG.,Bhsswr,8.3,
2021-04-21,2021-04-22,9288,HDXAAO 00032520,Ztlxozlxfne,5.65,
2021-04-20,2021-04-21,2594,BWFOLDVD,Fyxfu/Dkwlm,82.94,
2021-04-20,2021-04-21,9288,NAENLZBQU,Ztlxozlxfne,5.44,
2021-04-20,2021-04-21,9288,"KHZ HDSTYNNV, IMX",Ztlxozlxfne,95.65,
2021-04-18,2021-04-20,2594,NDQEFZAHOX 10194387,Gko/Mngbsjzgsl,19.46,
2021-04-18,2021-04-18,2594,HVKPHMKXO*ARUS RFJV FDMQ,Xiakpfbs,5.69,
2021-04-17,2021-04-19,2594,DSEDEBSI YDQGLSGH,Bhsswr,360.17,
2021-04-16,2021-04-18,9288,LL *VHX?I FHOTSU,Bhsswr,14.87,
2021-04-16,2021-04-18,9288,AGJAYI FHCE0305456544,Ztlxozlxfne,91.42,
2021-04-16,2021-04-18,9288,LL *VHX?I FHOTSU,Bhsswr,13.18,
2021-04-16,2021-04-18,9288,CTMVTIU,Ztlxozlxfne,11.13,
2021-04-15,2021-04-16,9288,L W BEVF #1177,Ztlxozlxfne,10.35,
2021-04-15,2021-04-16,9288,VNVUEK #349774,Bhsswr,3.07,
2021-04-15,2021-04-17,2594,WTGYGWCKG GRDX - DDOZEJO,Bhsswr,19.65,
2021-04-14,2021-04-16,9288,CTMVTIU,Ztlxozlxfne,16.72,
2021-04-14,2021-04-15,9288,HDXAAO 00032520,Ztlxozlxfne,20.16,
2021-04-13,2021-04-15,9288,XLFKJP HC OSBC - ATBSCBAG,Ztlxozlxfne,26.86,
2021-04-13,2021-04-14,9288,UVRB-ENDLBYJUBTBOANEB,Bhsswr,53.9,
2021-04-13,2021-04-14,2594,WVUCYSLO *UIOGIILDK,Xiakpfbs,0.25,
2021-04-13,2021-04-14,9288,KDLJTS AMV'P #555 QAX,Ztlxozlxfne,38.9,
2021-04-12,2021-04-14,9288,HPVrsfp*IBDnabr odys,Zpaqy Ftvifrqn,2.22,
2021-04-12,2021-04-14,9288,WDMQUZVFL,Bhsswr,13.62,
2021-04-12,2021-04-13,9288,NAENLZBQU,Ztlxozlxfne,23.55,
2021-04-11,2021-04-12,9288,AAHK RI NQGG,Bhsswr,18.69,
2021-04-11,2021-04-12,9288,KY'MB OZECVA CHNGK,Bhsswr,34.06,
2021-04-10,2021-04-12,2594,AFNTILFNP*EJII,Xiakpfbs,14.94,
2021-04-10,2021-04-10,2594,YWYAJGY TPC AUZNXX XDQP,Rnhvwmq/Uvohez,,7715.4
2021-04-10,2021-04-11,2594,SKUZYP *WJCTWEIHBRZ,Zpaqy Ftvifrqn,45.22,
2021-04-09,2021-04-10,9288,HRCHWB'J MKYLJKPN,Xxmtge Tqbf,15.66,
2021-04-08,2021-04-08,2594,HROOLXFO PYHLDK:PWJEZOHXL,Uls/Tioruzeo Stqlmd,132.6,
2021-04-08,2021-04-09,9288,ZIPBOTVQSTWSVBE427496,Bhsswr,17.56,
2021-04-08,2021-04-09,9288,KUX RMPKOR,Ztlxozlxfne,26.88,
2021-04-07,2021-04-09,9288,MYVTQ HPPAHADSSL 6,Bhsswr,5.6,
2021-04-07,2021-04-07,2594,WPCP JSH NES,Uls/Tioruzeo Stqlmd,22.17,
2021-04-07,2021-04-08,9288,KUX RMPKOR,Ztlxozlxfne,25.9,
2021-04-07,2021-04-08,9288,AEW* ZLBGGE'D SFVQA EDSGE,Bhsswr,30.56,
2021-04-07,2021-04-08,2594,EKB* OWYLP IFBY'A PDQGAPU,Bhsswr,49.74,
2021-04-06,2021-04-07,9288,BVVTNIWX PVO 10238,Ztlxozlxfne,2.01,
2021-04-05,2021-04-07,9288,VB *YNWFBXTOB,Bhsswr,18.8,
2021-04-05,2021-04-06,2594,IEKOHIHR CWJXOPE QOCQIM,Gko/Mngbsjzgsl,0.58,
2021-04-05,2021-04-07,9288,KUX RMPKOR,Ztlxozlxfne,27.35,
2021-04-05,2021-04-07,2594,WH *YWDVU HBECR LBEEMGU P,Bhsswr,3.36,
2021-04-04,2021-04-07,9288,MCBBO DJEPNZJ,Bhsswr,48.78,
2021-04-04,2021-04-05,2594,J&D CQZS GQDN IQAD 3249,Ztlxozlxfne,10.74,
2021-04-03,2021-04-05,9288,ELNEKR *PMJFKNRF,Xiakpfbs,28.38,
2021-04-03,2021-04-05,9288,HRCHWB'J MKYLJKPN,Xxmtge Tqbf,27.6,
2021-04-03,2021-04-04,9288,HRCHWB'J MKYLJKPN,Xxmtge Tqbf,51.9,
2021-04-03,2021-04-04,2594,ONU YEKZDI SUDDOT CTGSVP,Wlbyvdrggfgwn,60.66,
2021-04-03,2021-04-04,2594,XYQC YNS 91678456,Gko/Mngbsjzgsl,18.07,
2021-04-02,2021-04-04,9288,HJTIIA*URNXNV UOELTGF,Xiakpfbs,1.07,
2021-04-02,2021-04-04,9288,CTMVTIU,Ztlxozlxfne,18.35,
2021-04-02,2021-04-03,2594,J&D CQZS GQDN IQAD 3249,Ztlxozlxfne,7.9,
2021-04-02,2021-04-04,9288,VYJJ-BYSXYZQALEVCNFCW,Bhsswr,39.07,
2021-04-02,2021-04-03,9288,WYAJB HNGRJ & RYRSIRH,Ztlxozlxfne,71.94,
2021-04-02,2021-04-04,9288,"JKYFU'I & ZY., UUS.",Ztlxozlxfne,11.49,
2021-04-01,2021-04-02,2594,IEKOHIHR CWJXOPE QOCQIM,Gko/Mngbsjzgsl,0.73,
2021-03-31,2021-04-01,9288,WKWYEAR CBJFNAVGEBBJ,Gko/Mngbsjzgsl,205.54,
2021-03-30,2021-03-31,2594,EDXE ZBBE PKLAZ,Bhsswr,1.03,
2021-03-29,2021-03-30,9288,BVVTNIWX PVO 10238,Ztlxozlxfne,2.68,
2021-03-28,2021-03-29,2594,FETJU.FZE/JMPO,Ztlxozlxfne,2.83,
2021-03-28,2021-03-29,9288,Hnilirn QIJ,Fyxfu/Dkwlm,5.65,
2021-03-28,2021-03-30,9288,WOQUM EKXEZ 1025,Bhsswr,31.63,
2021-03-27,2021-03-28,2594,FETJU.FZE/JMPO,Ztlxozlxfne,3.45,
2021-03-27,2021-03-28,9288,CNVLOLZ 13365,Bhsswr,8.19,
2021-03-27,2021-03-28,9288,CPF/PSNLLIUA #10538,Xxmtge Tqbf,1.9,
2021-03-27,2021-03-30,9288,EBGMG ISVEO - 1325,Bhsswr,3.64,
2021-03-26,2021-03-27,9288,KOSY'G KTWPYPSDB WOK,Bhsswr,7.38,
2021-03-26,2021-03-27,9288,QXZDDRAEQ #0518,Ztlxozlxfne,1.26,
2021-03-26,2021-03-28,9288,DM *QJTWTSAFSC,Zpaqy Ftvifrqn,11.7,
2021-03-26,2021-03-26,9288,HINTVDB YYIS,Zpaqy Ftvifrqn,20.83,
2021-03-26,2021-03-27,9288,VJMRMD OL DTFIVEFW,Ztlxozlxfne,10.53,
2021-03-25,2021-03-26,9288,BVVTNIWX PVO 10238,Ztlxozlxfne,3.28,
2021-03-25,2021-03-26,9288,HDXAAO 00032520,Ztlxozlxfne,18.51,
2021-03-24,2021-03-25,9288,NAENLZBQU,Ztlxozlxfne,10.68,
2021-03-24,2021-03-25,2594,MK *TOHFEW EXYSS,Bhsswr,19.01,
2021-03-22,2021-03-23,9288,NYVVMXEUTNRSLTV274378,Bhsswr,11.12,
2021-03-22,2021-03-23,9288,VJMRMD OL DTFIVEFW,Ztlxozlxfne,18.23,
2021-03-22,2021-03-23,9288,GQUIBORN AHGTPH - HBPVRD,Bhsswr,29.46,
2021-03-21,2021-03-22,2594,FETJU.FZE/JMPO,Ztlxozlxfne,1.53,
2021-03-21,2021-03-22,9288,NAENLZBQU,Ztlxozlxfne,4.93,
2021-03-20,2021-03-22,9288,SLEGFZ *YLLMWZRZLTXES,Ztlxozlxfne,94.02,
2021-03-19,2021-03-20,2594,BWFOLDVD,Fyxfu/Dkwlm,92.07,
2021-03-19,2021-03-20,9288,KDLJTS AMV'P #555 QAX,Ztlxozlxfne,35.46,
2021-03-19,2021-03-20,9288,HDXAAO 00032520,Ztlxozlxfne,15.61,
2021-03-19,2021-03-20,9288,ANHWQDK DJASQV JG 74YB,Ztlxozlxfne,4.95,
2021-03-19,2021-03-20,9288,NAENLZBQU,Ztlxozlxfne,10.26,
2021-03-18,2021-03-19,9288,VJMRMD OL DTFIVEFW,Ztlxozlxfne,6.47,
2021-03-17,2021-03-19,9288,CTMVTIU,Ztlxozlxfne,15.75,
2021-03-17,2021-03-18,2594,HG XZRNC,Zpaqy Ftvifrqn,14.67,
2021-03-17,2021-03-18,2594,FRS RDVRRVLFVX,Bhsswr,135.06,
2021-03-17,2021-03-19,9288,HPVrsfp*IBDnabr odys,Zpaqy Ftvifrqn,1.82,
2021-03-17,2021-03-18,9288,UCESCFEM 1444,Bhsswr,5.55,
2021-03-16,2021-03-16,9288,KZUUBYYDN,Zpaqy Ftvifrqn,11.98,
2021-03-16,2021-03-17,9288,HDXAAO 00032520,Ztlxozlxfne,26.91,
2021-03-15,2021-03-16,9288,VYJJ-BYSXYZQALEVCNFCW,Bhsswr,34.61,
2021-03-13,2021-03-15,9288,IXEZ ZSGL - KYM WSRL,Bhsswr,34.84,
2021-03-13,2021-03-14,9288,BBCR NRUWD QPVZBD WJD,Bhsswr,3.33,
2021-03-13,2021-03-13,9288,"KHZ HDSTYNNV, IMX",Ztlxozlxfne,354.02,
2021-03-13,2021-03-14,9288,KDLJTS AMV'P #555 QAX,Ztlxozlxfne,18.76,
2021-03-12,2021-03-13,9288,UVRB-ENDLBYJUBTBOANEB,Bhsswr,37.24,
2021-03-11,2021-03-12,2594,HVKPHMKXO*ARUS RFJV FDMQ,Xiakpfbs,6.5,
2021-03-11,2021-03-11,9288,WAE* FPROG RDWMKVOS - 57X,Bhsswr,8.01,
2021-03-10,2021-03-12,9288,HJTIIA*URNXNV UOELTGF,Xiakpfbs,1.07,
2021-03-10,2021-03-11,9288,HDXAAO 00032520,Ztlxozlxfne,2.74,
2021-03-09,2021-03-12,9288,SAVEPYRS GOTFJY LGMEL,Zpaqy Ftvifrqn,34.45,
2021-03-09,2021-03-12,9288,SAVEPYRS GOTFJY LGMEL,Zpaqy Ftvifrqn,23.87,
2021-03-09,2021-03-12,2594,KQ *HGIZENX FJEL,Ztlxozlxfne,6.35,
2021-03-09,2021-03-10,9288,AHYVIXSXCDUG*DNF PPUW.,Ztlxozlxfne,,22.18
2021-03-09,2021-03-09,9288,UUELOA.LNB *,Ztlxozlxfne,,7.27
2021-03-08,2021-03-10,9288,CNVLOLZ 13365,Bhsswr,17.6,
2021-03-08,2021-03-09,9288,NAENLZBQU,Ztlxozlxfne,13.85,
2021-03-08,2021-03-09,9288,XPTVXPIEB DYKQPC #0804,Ztlxozlxfne,55.77,
2021-03-08,2021-03-08,9288,UUELOA.LNB *,Ztlxozlxfne,1.68,
2021-03-07,2021-03-08,2594,FETJU.FZE/JMPO,Ztlxozlxfne,2.71,
2021-03-07,2021-03-07,2594,YWYAJGY TPC AUZNXX XDQP,Rnhvwmq/Uvohez,,1781.37
2021-03-07,2021-03-08,2594,ONU YEKZDI SUDDOT CTGSVP,Wlbyvdrggfgwn,82.14,
2021-03-06,2021-03-08,2594,NDQEFZAHOX 10194387,Gko/Mngbsjzgsl,22.51,
2021-03-06,2021-03-07,9288,XPTVXPIEB DYKQPC #0804,Ztlxozlxfne,11.68,
2021-03-05,2021-03-05,9288,UUELOA.LNB *,Ztlxozlxfne,1.27,
2021-03-05,2021-03-06,9288,KDLJTS AMV'P #555 QAX,Ztlxozlxfne,37.68,
2021-03-04,2021-03-05,9288,QSEFYW.LAJ,Ztlxozlxfne,28.49,
2021-03-04,2021-03-05,9288,IXEZ ZSGL - KYM WSRL,Bhsswr,31.91,
2021-03-03,2021-03-04,9288,AHYVIXSXCDUG*DNF PPUW.,Ztlxozlxfne,,8.82
2021-03-03,2021-03-05,9288,JZQAZPB LEBIE GMU SEOC,Wlbyvdrggfgwn,1434.02,
2021-03-03,2021-03-05,2594,MCBBO DJEPNZJ,Bhsswr,60.34,
2021-03-03,2021-03-04,9288,AAHK RI NQGG,Bhsswr,8.82,
2021-03-03,2021-03-04,9288,KZQ* BQHSYN - UWLJUR XBYQ,Bhsswr,11.07,
2021-03-02,2021-03-04,9288,CTMVTIU,Ztlxozlxfne,16.98,
2021-03-02,2021-03-04,9288,MJO*QSW NY TYI LQFGYFTIRM,Zpaqy Ftvifrqn,17.72,
2021-03-01,2021-03-02,9288,UJXXN ZWJMF GVIECJS/KW,Gko/Mngbsjzgsl,138.4,
2021-03-01,2021-03-03,2594,WH *YWDVU HBECR LBEEMGU P,Bhsswr,1.7,
2021-03-01,2021-03-02,9288,Hnilirn QIJ,Fyxfu/Dkwlm,4.55,
2021-03-01,2021-03-03,9288,XLFKJP HC OSBC - ATBSCBAG,Ztlxozlxfne,20.5,
2021-03-01,2021-03-02,2594,FETJU.FZE/JMPO,Ztlxozlxfne,4.26,
2021-03-01,2021-03-03,2594,LOVUM GQM 01583299840,Gko/Mngbsjzgsl,5.76,
2021-03-01,2021-03-03,9288,NEVCAN 00003370,Ztlxozlxfne,18.95,
2021-03-01,2021-03-03,9288,DM *QJTWTSAFSC,Zpaqy Ftvifrqn,15.69,
2021-02-28,2021-03-01,9288,NAENLZBQU,Ztlxozlxfne,6.34,
2021-02-28,2021-03-01,2594,GZCEZBP 0093174,Gko/Mngbsjzgsl,9.9,
2021-02-27,2021-02-28,9288,GTPGKMA*XRNBWNTWJMSQRNM,Advfs,138.4,
2021-02-27,2021-03-01,9288,QGJIRLN KJEPYG,Wlkxnmy,323.64,
2021-02-27,2021-02-28,9288,UWN* QWZPDNN B,Bhsswr,20.66,
2021-02-27,2021-03-01,9288,ICJSOWAXU KFFGZO,Bhsswr,95.23,
2021-02-27,2021-03-01,9288,RVMDUPSAK-YXFX #0014,Ztlxozlxfne,24.17,
2021-02-26,2021-02-27,9288,WKWYEAR CBJFNAVGEBBJ,Gko/Mngbsjzgsl,230.18,
2021-02-26,2021-02-27,9288,QCU* AECSM XQKQJ WEUVJZ -,Bhsswr,10.92,
2021-02-26,2021-03-01,9288,RLOWHD OXLO MUTDBSUPXT,Bhsswr,18.43,
2021-02-26,2021-02-27,2594,ERR NRJ JNCU MPTMKROEFU H,Bhsswr,90.32,
2021-02-26,2021-02-27,2594,IT *821 LVZFEC AHPN,Bhsswr,6.14,
2021-02-26,2021-02-27,9288,OBHIEC 00003480,Ztlxozlxfne,98.88,
2021-02-25,2021-02-27,9288,MJO*QSW NY TYI LQFGYFTIRM,Zpaqy Ftvifrqn,15.61,
2021-02-25,2021-02-26,2594,PVWL *XWDTQPINWPUY,Xiakpfbs,20.12,
2021-02-25,2021-02-26,9288,IZLON MJL Auytodz Uqi,Oecbhvm,13.49,
2021-02-25,2021-02-28,2594,1925 108FL ZVRRY HKJJ AL,Gko/Mngbsjzgsl,3.98,
2021-02-25,2021-02-26,9288,0705 KCIMFKG 21,Ztlxozlxfne,16.67,
2021-02-24,2021-02-25,9288,JFENBYM WSBWR SOTXIVI - 9,Bhsswr,24.91,
2021-02-24,2021-02-25,9288,VYJJ-BYSXYZQALEVCNFCW,Bhsswr,43.77,
2021-02-24,2021-02-26,9288,UPVUD 1787,Bhsswr,2.95,
2021-02-24,2021-02-25,9288,KZQ* BQHSYN - UWLJUR XBYQ,Bhsswr,9.98,
2021-02-24,2021-02-24,9288,BINU BNTI VDAY.GCMQ.EXJ,Rwcrj Rfeuib,30.96,
2021-02-24,2021-02-25,9288,IZLON MJL Auytodz Uqi,Oecbhvm,12.84,
2021-02-24,2021-02-26,9288,MOT*CMVPMDAVXCTXNBMJD,Ztlxozlxfne,36.15,
2021-02-24,2021-02-25,2594,BWFOLDVD,Fyxfu/Dkwlm,64.16,
2021-02-24,2021-02-26,2594,XZYHLUGKD XHFGZK.,Bhsswr,69.13,
2021-02-24,2021-02-25,9288,JZRWIPATN #0025,Ztlxozlxfne,73.11,
2021-02-23,2021-02-25,9288,MJO*QSW NY TYI LQFGYFTIRM,Zpaqy Ftvifrqn,15.67,
2021-02-23,2021-02-24,9288,VB *YNWFBXTOB,Bhsswr,13.56,
2021-02-23,2021-02-24,9288,SNRVCEPF TDWRUN SIKNV,Ztlxozlxfne,14.75,
2021-02-23,2021-02-24,9288,IT *821 LVZFEC AHPN,Bhsswr,25.77,
2021-02-23,2021-02-24,9288,QQ VRINSBAB WAJG YQXDR,Wlkxnmy,285.31,
2021-02-23,2021-02-24,9288,JZRWIPATN #0025,Ztlxozlxfne,119.5,
2021-02-23,2021-02-23,9288,FETJU.FZE/JMPO,Wlbyvdrggfgwn,5.26,
2021-02-23,2021-02-24,9288,BR *FHGXI - R'PTHXCXAACZ,Ztlxozlxfne,19.4,
2021-02-22,2021-02-24,9288,QGJIRLN KJEPYG,Wlkxnmy,326.93,
2021-02-22,2021-02-23,9288,JQVXQR TAZDTI IBOXI NQV,Bhsswr,6.19,
2021-02-22,2021-02-24,9288,RLOWHD OXLO MUTDBSUPXT,Bhsswr,36.83,
2021-02-22,2021-02-24,9288,RLOWHD OXLO MUTDBSUPXT,Bhsswr,26.81,
2021-02-21,2021-02-24,9288,FFWJ CQ GHN XXA 8344,Bhsswr,12.07,
2021-02-21,2021-02-22,9288,IT *821 LVZFEC AHPN,Bhsswr,7.4,
2021-02-20,2021-02-22,9288,LKKYK IAZXUUZ,Bhsswr,11.86,
2021-02-20,2021-02-21,9288,QQ VRINSBAB WAJG YQXDR,Wlkxnmy,224.93,
2021-02-20,2021-02-21,9288,IRRUM - GXDXRCOA,Ztlxozlxfne,7.73,
2021-02-19,2021-02-20,2594,FETJU.FZE/JMPO,Ztlxozlxfne,1.77,
2021-02-19,2021-02-20,9288,JZRWIPATN #0025,Ztlxozlxfne,28.23,
2021-02-19,2021-02-20,9288,DZQPKSGJX YRED #136,Ztlxozlxfne,66.97,
2021-02-19,2021-02-20,9288,DZQPKSGJX YRED #136,Ztlxozlxfne,7.5,
2021-02-19,2021-02-20,9288,IZLON MJL Auytodz Uqi,Oecbhvm,14.71,
2021-02-19,2021-02-20,2594,HVKPHMKXO*ARUS RFJV FDMQ,Xiakpfbs,4.94,
2021-02-18,2021-02-20,9288,QGJIRLN KJEPYG,Wlkxnmy,165.55,
2021-02-18,2021-02-19,9288,OBHIEC 00003480,Ztlxozlxfne,128.12,
2021-02-18,2021-02-19,9288,86H UOVNKX IAVH ZBE,Bhsswr,3.49,
2021-02-18,2021-02-20,9288,NEVCAN 00003370,Ztlxozlxfne,39.73,
2021-02-18,2021-02-20,9288,HPVrsfp*IBDnabr odys,Zpaqy Ftvifrqn,1.98,
2021-02-18,2021-02-19,9288,IZLON MJL Auytodz Uqi,Oecbhvm,13.3,
2021-02-17,2021-02-18,2594,YRRUSUZ 0203960,Gko/Mngbsjzgsl,10.54,
2021-02-17,2021-02-18,2594,YRRUSUZ 0203960,Gko/Mngbsjzgsl,6.03,
2021-02-17,2021-02-19,9288,AXCS WCO HUQUF - REWARFQG,Bhsswr,9.89,
2021-02-17,2021-02-18,2594,TJQMMCNB TXCDKPMF EQYRJR,Bhsswr,81.5,
2021-02-17,2021-02-19,9288,SKIDMFI TKPSJG,Ztlxozlxfne,,35.57
2021-02-16,2021-02-17,9288,QBNSQGC UNXL,Bhsswr,19.26,
2021-02-16,2021-02-18,2594,NEVCAN 00003370,Ztlxozlxfne,5.87,
2021-02-15,2021-02-17,9288,RLOWHD OXLO MUTDBSUPXT,Bhsswr,56.55,
2021-02-15,2021-02-18,2594,ERR NRJ JNCU MPTMKROEFU H,Bhsswr,95.94,
2021-02-14,2021-02-15,9288,HDXAAO 00032520,Ztlxozlxfne,17.82,
2021-02-14,2021-02-15,9288,KDLJTS AMV'P #555 QAX,Ztlxozlxfne,58,
2021-02-14,2021-02-15,9288,UVRB-ENDLBYJUBTBOANEB,Bhsswr,37.51,
2021-02-13,2021-02-15,9288,AOCNB WWYL WAR DOQK,Ztlxozlxfne,29.95,
2021-02-13,2021-02-14,9288,BR *FHGXI - R'PTHXCXAACZ,Ztlxozlxfne,55.4,
2021-02-13,2021-02-14,9288,UCESCFEM 1444,Bhsswr,5.06,
2021-02-13,2021-02-15,9288,KQ *HGIZENX FJEL,Ztlxozlxfne,34.72,
2021-02-12,2021-02-13,2594,LWND RACU,Rwcrj Rfeuib,38.24,
2021-02-12,2021-02-13,9288,PEOPKFXILI OD1203,Ztlxozlxfne,4.17,
2021-02-12,2021-02-13,9288,JFENBYM WSBWR SOTXIVI - 9,Bhsswr,32.22,
2021-02-12,2021-02-13,9288,GQUIBORN AHGTPH - HBPVRD,Bhsswr,9.9,
2021-02-11,2021-02-12,9288,NAENLZBQU,Ztlxozlxfne,4.52,
2021-02-10,2021-02-12,9288,CTMVTIU,Ztlxozlxfne,40.53,
2021-02-10,2021-02-11,9288,CNVLOLZ 13365,Bhsswr,12.35,
2021-02-10,2021-02-10,2594,FETJU.FZE/JMPO,Ztlxozlxfne,2.24,
2021-02-08,2021-02-09,9288,XPTVXPIEB DYKQPC #0804,Ztlxozlxfne,14.33,
2021-02-08,2021-02-09,9288,CI *KGSH ALW YSNJC,Bhsswr,17.55,
2021-02-07,2021-02-08,9288,JWFHZG WESSMXZP - I,Ztlxozlxfne,13.61,
2021-02-06,2021-02-08,2594,WH *YWDVU HBECR LBEEMGU P,Bhsswr,2.33,
2021-02-06,2021-02-07,2594,WH *YWDVU HBECR LBEEMGU P,Bhsswr,1.83,
2021-02-06,2021-02-08,9288,121 YZZW AHSYRS,Ztlxozlxfne,10.67,
2021-02-05,2021-02-07,9288,CTMVTIU,Ztlxozlxfne,14.22,
2021-02-05,2021-02-06,9288,RUQDYD BBS,Zpaqy Ftvifrqn,176.89,
2021-02-05,2021-02-06,2594,ONU YEKZDI SUDDOT CTGSVP,Wlbyvdrggfgwn,69.78,
2021-02-04,2021-02-05,9288,KDLJTS AMV'P #555 QAX,Ztlxozlxfne,47.4,
2021-02-04,2021-02-05,9288,NAENLZBQU,Ztlxozlxfne,10.37,
2021-02-03,2021-02-04,9288,AGJAYI FHCE0305456544,Ztlxozlxfne,21.76,
2021-02-03,2021-02-04,9288,QKHCRHK EF* JWCSCAPCYH,Advfs,79.54,
2021-02-03,2021-02-05,9288,DYN CWKM HUYB LCYZ EP,Ztlxozlxfne,35.31,
2021-02-03,2021-02-03,9288,UUELOA.LNB *,Ztlxozlxfne,3.38,
2021-02-02,2021-02-02,9288,OALCFC* Sbobdt Zqpqcze,Xiakpfbs,1.07,
2021-02-01,2021-02-02,9288,GQUIBORN AHGTPH - HBPVRD,Bhsswr,17.25,
2021-02-01,2021-02-02,9288,GQUIBORN AHGTPH - HBPVRD,Bhsswr,5.41,
2021-01-31,2021-02-02,9288,ITT HET WF* WIZ XET RK,Bhsswr,35,
2021-01-31,2021-02-02,9288,AFWL NMKWZC PE QSBWOAU,Zpaqy Ftvifrqn,1.19,
2021-01-30,2021-02-01,2594,NDQEFZAHOX 10194387,Gko/Mngbsjzgsl,22.65,
2021-01-30,2021-01-31,9288,UCESCFEM 1444,Bhsswr,11.57,
2021-01-30,2021-01-31,9288,GAUX QORLP ANEEVEZ,Zpaqy Ftvifrqn,43.83,
2021-01-30,2021-01-31,9288,Hnilirn QIJ,Fyxfu/Dkwlm,4.14,
2021-01-30,2021-02-02,2594,JAOGB H. FIZUAR VQX,Xxmtge Tqbf,174.62,
2021-01-29,2021-01-30,9288,NAENLZBQU,Ztlxozlxfne,8.49,
2021-01-29,2021-01-30,9288,XW *VUQ Xxxwmiai,Wlbyvdrggfgwn,62.55,
2021-01-29,2021-01-30,2594,WH *YWDVU HBECR LBEEMGU P,Bhsswr,1.81,
2021-01-29,2021-01-29,9288,UUELOA.LNB *,Ztlxozlxfne,6.49,
2021-01-29,2021-01-30,9288,VYJJ-BYSXYZQALEVCNFCW,Bhsswr,38.34,
2021-01-29,2021-01-29,9288,GTBPMAA TCVLNN CBK,Xufnxrnnf,63.27,
2021-01-29,2021-01-30,9288,Nwvm.mhj,Advfs,46.22,
2021-01-28,2021-01-29,9288,CEPFQ JLF 00-0194357785,Oecbhvm,163.61,
2021-01-28,2021-01-29,9288,SKIDMFI TKPSJG,Ztlxozlxfne,9.93,
2021-01-27,2021-01-28,9288,TUC* TEBLY SGJFVTDSPN - C,Bhsswr,9.22,
2021-01-27,2021-01-28,9288,NIGYX YKP 00-0199549004,Oecbhvm,204.46,
2021-01-27,2021-01-28,9288,FOKFB TLA 00-0200650777,Oecbhvm,195.35,
2021-01-27,2021-01-28,9288,SKIDMFI TKPSJG,Ztlxozlxfne,24.94,
2021-01-27,2021-01-28,9288,SKIDMFI TKPSJG,Ztlxozlxfne,20.23,
2021-01-27,2021-01-28,9288,HRCHWB'J MKYLJKPN,Xxmtge Tqbf,38.29,
2021-01-26,2021-01-27,9288,WKWYEAR CBJFNAVGEBBJ,Gko/Mngbsjzgsl,181.22,
2021-01-26,2021-01-27,2594,FETJU.FZE/JMPO,Ztlxozlxfne,3.42,
2021-01-26,2021-01-26,2594,YWYAJGY TPC AUZNXX XDQP,Rnhvwmq/Uvohez,,4563.91
2021-01-26,2021-01-27,9288,HDXAAO 00032520,Ztlxozlxfne,5.77,
2021-01-26,2021-01-27,9288,SKIDMFI TKPSJG,Ztlxozlxfne,4.25,
2021-01-25,2021-01-26,9288,AAHK RI NQGG,Bhsswr,6.35,
2021-01-24,2021-01-25,9288,QWBY.RJH JTLFCN,Vpt Weznjp,234.13,
2021-01-24,2021-01-25,9288,XRQFZ PYDADB JPT,Bhsswr,2.96,
2021-01-24,2021-01-25,9288,VNQ*KYYQ HMYRB,Rwcrj Rfeuib,1.25,
2021-01-24,2021-01-25,9288,KDLJTS AMV'P #555 QAX,Ztlxozlxfne,81.93,
2021-01-24,2021-01-26,9288,NEVHUU *QOE JFRJP,Xiakpfbs,29.05,
2021-01-24,2021-01-26,9288,HPVrsfp*IBDnabr odys,Zpaqy Ftvifrqn,2.17,
2021-01-24,2021-01-26,9288,CWS* MOPHWUAY BZSJEP - UD,Bhsswr,9.23,
2021-01-24,2021-01-25,9288,UCESCFEM 1444,Bhsswr,7.35,
2021-01-24,2021-01-25,9288,VNQ*KYYQ HMYRB,Rwcrj Rfeuib,1.54,
2021-01-23,2021-01-26,9288,JAOGB H. FIZUAR VQX,Xxmtge Tqbf,173.74,
2021-01-23,2021-01-24,9288,NAENLZBQU,Ztlxozlxfne,27.52,
2021-01-23,2021-01-23,9288,WAE* FPROG RDWMKVOS - 57X,Bhsswr,4.38,
2021-01-22,2021-01-23,9288,SNRVCEPF TDWRUN SIKNV,Ztlxozlxfne,12.87,
2021-01-22,2021-01-23,9288,FDRXY QGH 00-0193851558,Oecbhvm,191.68,
2021-01-22,2021-01-23,9288,SUMLE KNU 00-0200293440,Oecbhvm,211.54,
2021-01-22,2021-01-23,9288,DM *QJTWTSAFSC,Zpaqy Ftvifrqn,11.55,
2021-01-22,2021-01-23,9288,UCESCFEM 1444,Bhsswr,5.46,
2021-01-22,2021-01-22,9288,WAE* FPROG RDWMKVOS - 57X,Bhsswr,1.47,
2021-01-22,2021-01-23,9288,SKIDMFI TKPSJG,Ztlxozlxfne,9.77,
2021-01-22,2021-01-23,2594,TL *KTXFASOH-VVEDIYGM,Bhsswr,5.25,
2021-01-22,2021-01-23,2594,KQ *HGIZENX FJEL,Ztlxozlxfne,38.1,
2021-01-21,2021-01-23,9288,SRSPREIPK - ANY,Bhsswr,46.51,
2021-01-21,2021-01-22,9288,BVVTNIWX PVO 10238,Ztlxozlxfne,5.03,
2021-01-21,2021-01-21,9288,SNE* FFZZG ZMKMBFVB - 902,Bhsswr,1.54,
2021-01-20,2021-01-21,2594,FETJU.FZE/JMPO,Ztlxozlxfne,1.65,
2021-01-20,2021-01-21,9288,SFV* VRXHDYTJ HNIFWV - ZU,Bhsswr,17.73,
2021-01-19,2021-01-20,2594,BWFOLDVD,Fyxfu/Dkwlm,70.56,
2021-01-19,2021-01-20,9288,MLMRMO UDMRCLQHT OAXSM,Ztlxozlxfne,141.19,
2021-01-19,2021-01-21,9288,SKYYCXMCZ # 034,Ztlxozlxfne,12.24,
2021-01-19,2021-01-21,9288,MCBBO DJEPNZJ,Bhsswr,49.3,
2021-01-19,2021-01-21,9288,JAOGB H. FIZUAR VQX,Xxmtge Tqbf,516.95,
2021-01-19,2021-01-20,9288,DRBJTIJZL #0210,Bhsswr,20.97,
2021-01-18,2021-01-20,9288,KUX RMPKOR,Ztlxozlxfne,,14.66
2021-01-18,2021-01-19,9288,KTHHXXWQ XHU 10132,Ztlxozlxfne,38.32,
2021-01-18,2021-01-20,2594,WH *YWDVU HBECR LBEEMGU P,Bhsswr,2.03,
2021-01-18,2021-01-19,9288,NAENLZBQU,Ztlxozlxfne,8.19,
2021-01-18,2021-01-19,9288,XPTVXPIEB DYKQPC #0804,Ztlxozlxfne,43.15,
2021-01-18,2021-01-19,9288,UVRB-ENDLBYJUBTBOANEB,Bhsswr,41.93,
2021-01-18,2021-01-20,9288,WOQUM EKXEZ 1025,Bhsswr,27.49,
2021-01-17,2021-01-19,2594,KQ *HGIZENX FJEL,Ztlxozlxfne,6.35,
2021-01-16,2021-01-18,9288,NEVHUU *QOE JFRJP,Xiakpfbs,26.49,
2021-01-16,2021-01-17,9288,HDXAAO 00032520,Ztlxozlxfne,7.78,
2021-01-16,2021-01-17,9288,WYAJB HNGRJ & RYRSIRH,Ztlxozlxfne,90.21,
2021-01-16,2021-01-17,2594,HVKPHMKXO*ARUS RFJV FDMQ,Xiakpfbs,4.42,
2021-01-15,2021-01-16,9288,ULAOUBRIXBQPQ .WJH,Ztlxozlxfne,498.05,
2021-01-14,2021-01-15,9288,QSEFYW.LAJ,Ztlxozlxfne,27.9,
2021-01-12,2021-01-13,9288,GQUIBORN AHGTPH - HBPVRD,Bhsswr,17.28,
2021-01-11,2021-01-12,9288,ABMYOVFA MPEYUF,Bhsswr,5.15,
2021-01-10,2021-01-13,9288,HJTIIA*URNXNV UOELTGF,Xiakpfbs,1.07,
2021-01-10,2021-01-11,9288,XG *PWODK RIOT BWGD,Xxmtge Tqbf,138.4,
2021-01-10,2021-01-11,2594,FETJU.FZE/JMPO,Ztlxozlxfne,3.08,
2021-01-09,2021-01-11,9288,XPTVXPIEB DYKQPC #0804,Ztlxozlxfne,47.6,
2021-01-08,2021-01-09,9288,DEM*OSBO.FFQ.WDA,Ztlxozlxfne,91.79,
2021-01-08,2021-01-09,9288,AIN TYWNGIHASC,Ztlxozlxfne,8.17,
2021-01-08,2021-01-10,9288,DYN CWKM HUYB LCYZ EP,Ztlxozlxfne,52.05,
2021-01-08,2021-01-11,9288,JAOGB H. FIZUAR VQX,Xxmtge Tqbf,347.41,
2021-01-07,2021-01-08,9288,WYAJB HNGRJ & RYRSIRH,Ztlxozlxfne,79.29,
2021-01-05,2021-01-07,2594,NDQEFZAHOX 10194387,Gko/Mngbsjzgsl,22.43,
2021-01-05,2021-01-06,9288,RZX* FT DRNQULX - DKNKLCO,Bhsswr,63.6,
2021-01-05,2021-01-07,2594,KYXSLVIEA PMYYE UJBLEHM,Xxmtge Tqbf,543.41,
2021-01-04,2021-01-06,9288,NAENLZBQU,Ztlxozlxfne,17.58,
2021-01-01,2021-01-02,2594,YWYAJGY TPC AUZNXX XDQP,Rnhvwmq/Uvohez,,3949.83
2021-01-01,2021-01-02,2594,ONU YEKZDI SUDDOT CTGSVP,Wlbyvdrggfgwn,33.55,
